id,data,loja,cidade,produto,valor,desconto,total,vendedor
1,2017-01-24,2,2,8,106015,1,104954.85,6
2,2017-01-10,0,1,9,117439,4,112741.44,8
3,2017-01-08,4,2,0,72602,1,71875.98,5
4,2017-01-17,7,6,0,72602,2,71149.96,3
5,2017-01-24,6,5,5,87740,5,83353.0,5
6,2017-01-21,8,2,1,119158,1,117966.42,1
7,2017-01-17,3,0,6,67982,6,63903.08,7
8,2017-01-05,1,6,8,106015,0,106015.0,3
9,2017-01-04,1,3,1,119158,6,112008.52,8
10,2017-01-23,5,4,6,67982,2,66622.36,4
11,2017-01-11,8,7,6,67982,5,64582.9,7
12,2017-01-09,2,5,4,116944,3,113435.68,1
13,2017-01-14,4,5,1,119158,5,113200.1,0
14,2017-01-03,0,2,9,117439,5,111567.05,4
15,2017-01-14,6,3,9,117439,3,113915.83,4
16,2017-01-25,7,2,9,117439,6,110392.66,8
17,2017-01-14,3,1,8,106015,2,103894.7,3
18,2017-01-08,4,4,3,66860,0,66860.0,2
19,2017-01-18,1,0,5,87740,0,87740.0,4
20,2017-01-19,4,3,4,116944,0,116944.0,7
21,2017-01-19,7,1,8,106015,1,104954.85,4
22,2017-01-03,4,3,2,87414,1,86539.86,7
23,2017-01-01,2,4,6,67982,1,67302.18,0
24,2017-01-14,6,0,2,87414,5,83043.3,6
25,2017-01-27,6,1,6,67982,1,67302.18,3
26,2017-01-14,6,1,1,119158,2,116774.84,4
27,2017-01-17,7,7,8,106015,5,100714.25,7
28,2017-01-04,8,7,2,87414,4,83917.44,3
29,2017-01-11,2,5,2,87414,3,84791.58,2
30,2017-01-23,5,4,5,87740,1,86862.6,6
31,2017-01-16,7,4,5,87740,6,82475.6,6
32,2017-01-20,0,7,6,67982,2,66622.36,1
33,2017-01-26,6,0,6,67982,0,67982.0,2
34,2017-01-17,6,2,7,106650,3,103450.5,1
35,2017-01-14,0,5,5,87740,3,85107.8,5
36,2017-01-06,1,5,5,87740,1,86862.6,4
37,2017-01-14,3,2,8,106015,5,100714.25,1
38,2017-01-15,4,0,6,67982,3,65942.54,3
39,2017-01-07,4,1,7,106650,3,103450.5,2
40,2017-01-07,0,2,6,67982,5,64582.9,1
41,2017-01-23,3,3,7,106650,4,102384.0,1
42,2017-01-11,8,7,0,72602,3,70423.94,0
43,2017-01-02,2,5,7,106650,2,104517.0,5
44,2017-01-26,2,6,5,87740,1,86862.6,7
45,2017-01-08,5,1,7,106650,4,102384.0,4
46,2017-01-18,3,3,5,87740,1,86862.6,4
47,2017-01-12,5,4,1,119158,1,117966.42,7
48,2017-01-12,6,3,4,116944,5,111096.8,1
49,2017-01-24,1,3,5,87740,6,82475.6,3
50,2017-01-03,3,4,4,116944,4,112266.24,7
51,2017-02-17,4,3,0,72602,1,71875.98,6
52,2017-02-09,4,4,7,106650,0,106650.0,8
53,2017-02-20,1,3,2,87414,4,83917.44,7
54,2017-02-02,0,5,6,67982,0,67982.0,1
55,2017-02-13,5,2,3,66860,4,64185.6,4
56,2017-02-26,4,7,8,106015,1,104954.85,6
57,2017-02-11,6,1,4,116944,1,115774.56,3
58,2017-02-25,6,2,3,66860,2,65522.8,4
59,2017-02-08,8,1,8,106015,0,106015.0,0
60,2017-02-17,6,5,4,116944,3,113435.68,4
61,2017-02-15,6,5,3,66860,4,64185.6,0
62,2017-02-04,0,4,2,87414,0,87414.0,2
63,2017-02-02,2,6,9,117439,5,111567.05,0
64,2017-02-23,2,6,3,66860,3,64854.2,7
65,2017-02-04,4,1,7,106650,3,103450.5,0
66,2017-02-14,8,2,2,87414,1,86539.86,7
67,2017-02-09,7,7,9,117439,1,116264.61,8
68,2017-02-06,0,0,6,67982,5,64582.9,4
69,2017-02-21,6,3,1,119158,4,114391.68,2
70,2017-02-19,3,4,3,66860,6,62848.4,7
71,2017-02-26,5,3,7,106650,3,103450.5,7
72,2017-02-18,7,6,6,67982,0,67982.0,6
73,2017-02-15,3,7,1,119158,3,115583.26,1
74,2017-02-20,5,1,6,67982,2,66622.36,0
75,2017-02-13,2,0,2,87414,0,87414.0,5
76,2017-02-06,3,3,4,116944,4,112266.24,8
77,2017-02-05,2,2,3,66860,1,66191.4,3
78,2017-02-16,4,1,2,87414,2,85665.72,1
79,2017-02-22,0,5,6,67982,5,64582.9,3
80,2017-02-15,7,4,6,67982,3,65942.54,4
81,2017-02-03,6,4,3,66860,5,63517.0,2
82,2017-02-07,3,4,1,119158,1,117966.42,4
83,2017-02-17,4,0,9,117439,2,115090.22,0
84,2017-02-26,4,6,1,119158,3,115583.26,7
85,2017-02-12,2,0,2,87414,1,86539.86,7
86,2017-02-11,1,5,9,117439,1,116264.61,3
87,2017-02-13,6,2,1,119158,4,114391.68,4
88,2017-02-02,7,1,4,116944,1,115774.56,7
89,2017-02-03,3,7,1,119158,5,113200.1,1
90,2017-02-02,8,7,7,106650,4,102384.0,8
91,2017-02-22,1,5,8,106015,3,102834.55,0
92,2017-02-17,4,7,1,119158,3,115583.26,8
93,2017-02-27,2,1,3,66860,3,64854.2,4
94,2017-02-16,3,7,8,106015,5,100714.25,6
95,2017-02-04,4,6,9,117439,1,116264.61,2
96,2017-02-10,5,0,1,119158,4,114391.68,6
97,2017-02-02,4,0,3,66860,6,62848.4,3
98,2017-02-23,7,1,7,106650,6,100251.0,8
99,2017-02-06,4,3,9,117439,1,116264.61,8
100,2017-02-12,5,1,6,67982,1,67302.18,1
101,2017-03-19,5,5,1,119158,2,116774.84,2
102,2017-03-20,3,3,9,117439,3,113915.83,1
103,2017-03-18,0,4,5,87740,6,82475.6,8
104,2017-03-08,6,0,4,116944,6,109927.36,4
105,2017-03-07,0,6,7,106650,4,102384.0,0
106,2017-03-14,8,5,2,87414,3,84791.58,3
107,2017-03-10,7,1,7,106650,1,105583.5,3
108,2017-03-20,4,4,3,66860,1,66191.4,1
109,2017-03-21,2,1,8,106015,4,101774.4,0
110,2017-03-03,6,7,9,117439,5,111567.05,0
111,2017-03-06,8,3,8,106015,3,102834.55,0
112,2017-03-27,6,3,3,66860,2,65522.8,4
113,2017-03-21,3,3,3,66860,0,66860.0,3
114,2017-03-01,0,3,0,72602,2,71149.96,2
115,2017-03-22,6,1,7,106650,3,103450.5,8
116,2017-03-10,2,1,2,87414,2,85665.72,0
117,2017-03-14,0,0,6,67982,4,65262.72,4
118,2017-03-19,7,4,4,116944,6,109927.36,1
119,2017-03-04,4,5,4,116944,4,112266.24,4
120,2017-03-10,1,3,5,87740,1,86862.6,3
121,2017-03-27,0,5,0,72602,3,70423.94,8
122,2017-03-18,2,4,7,106650,5,101317.5,1
123,2017-03-12,7,1,4,116944,2,114605.12,2
124,2017-03-23,3,2,8,106015,1,104954.85,5
125,2017-03-15,6,0,4,116944,3,113435.68,1
126,2017-03-19,5,4,7,106650,3,103450.5,5
127,2017-03-09,1,6,0,72602,3,70423.94,1
128,2017-03-09,5,7,6,67982,4,65262.72,5
129,2017-03-03,1,0,4,116944,1,115774.56,4
130,2017-03-09,6,0,1,119158,4,114391.68,6
131,2017-03-11,7,1,5,87740,6,82475.6,4
132,2017-03-10,4,7,2,87414,1,86539.86,1
133,2017-03-23,8,4,5,87740,0,87740.0,5
134,2017-03-12,5,5,8,106015,3,102834.55,6
135,2017-03-17,3,0,3,66860,0,66860.0,5
136,2017-03-25,8,4,4,116944,0,116944.0,5
137,2017-03-06,3,6,8,106015,5,100714.25,8
138,2017-03-06,8,6,6,67982,5,64582.9,6
139,2017-03-23,3,0,4,116944,1,115774.56,8
140,2017-03-23,7,0,8,106015,3,102834.55,1
141,2017-03-03,5,4,2,87414,3,84791.58,6
142,2017-03-05,1,5,0,72602,1,71875.98,8
143,2017-03-03,4,7,5,87740,4,84230.4,0
144,2017-03-04,8,3,1,119158,6,112008.52,6
145,2017-03-12,0,1,9,117439,0,117439.0,8
146,2017-03-19,2,2,0,72602,6,68245.88,5
147,2017-03-20,3,7,0,72602,3,70423.94,1
148,2017-03-05,1,1,3,66860,3,64854.2,2
149,2017-03-10,3,5,3,66860,6,62848.4,0
150,2017-03-23,2,7,0,72602,6,68245.88,7
151,2017-04-12,5,1,4,116944,0,116944.0,1
152,2017-04-07,4,4,3,66860,2,65522.8,3
153,2017-04-09,3,3,6,67982,4,65262.72,3
154,2017-04-03,2,4,0,72602,3,70423.94,0
155,2017-04-21,0,1,9,117439,5,111567.05,3
156,2017-04-27,6,2,6,67982,2,66622.36,7
157,2017-04-25,6,6,9,117439,6,110392.66,5
158,2017-04-24,8,0,6,67982,4,65262.72,5
159,2017-04-25,1,6,6,67982,0,67982.0,8
160,2017-04-19,0,6,3,66860,3,64854.2,7
161,2017-04-04,8,2,9,117439,4,112741.44,3
162,2017-04-11,7,1,7,106650,2,104517.0,1
163,2017-04-14,1,5,1,119158,3,115583.26,0
164,2017-04-12,4,6,1,119158,3,115583.26,7
165,2017-04-20,0,1,2,87414,2,85665.72,0
166,2017-04-10,6,1,3,66860,5,63517.0,0
167,2017-04-22,6,4,3,66860,2,65522.8,6
168,2017-04-11,8,6,4,116944,6,109927.36,0
169,2017-04-01,0,7,2,87414,4,83917.44,8
170,2017-04-04,0,2,6,67982,4,65262.72,3
171,2017-04-24,6,5,1,119158,2,116774.84,8
172,2017-04-12,3,3,0,72602,0,72602.0,4
173,2017-04-21,3,2,3,66860,6,62848.4,3
174,2017-04-13,0,2,4,116944,3,113435.68,6
175,2017-04-16,1,3,3,66860,5,63517.0,8
176,2017-04-12,0,7,2,87414,5,83043.3,4
177,2017-04-01,7,0,8,106015,5,100714.25,3
178,2017-04-03,3,1,7,106650,3,103450.5,7
179,2017-04-11,2,6,4,116944,0,116944.0,6
180,2017-04-20,7,5,9,117439,0,117439.0,8
181,2017-04-16,6,2,3,66860,5,63517.0,8
182,2017-04-15,2,2,5,87740,6,82475.6,1
183,2017-04-14,2,2,2,87414,6,82169.16,6
184,2017-04-14,3,7,3,66860,6,62848.4,4
185,2017-04-22,0,1,6,67982,3,65942.54,1
186,2017-04-01,2,5,6,67982,0,67982.0,2
187,2017-04-14,5,4,2,87414,3,84791.58,3
188,2017-04-20,3,0,5,87740,2,85985.2,6
189,2017-04-05,2,3,9,117439,0,117439.0,6
190,2017-04-26,3,7,0,72602,4,69697.92,3
191,2017-04-06,4,4,6,67982,0,67982.0,2
192,2017-04-04,0,2,9,117439,5,111567.05,3
193,2017-04-01,3,6,5,87740,0,87740.0,7
194,2017-04-01,8,2,7,106650,6,100251.0,5
195,2017-04-23,5,4,5,87740,1,86862.6,7
196,2017-04-14,7,4,8,106015,1,104954.85,2
197,2017-04-21,3,2,5,87740,5,83353.0,6
198,2017-04-16,4,6,6,67982,6,63903.08,4
199,2017-04-09,3,5,0,72602,5,68971.9,7
200,2017-04-27,3,6,2,87414,2,85665.72,7
201,2017-05-26,7,7,0,72602,1,71875.98,2
202,2017-05-16,8,0,9,117439,0,117439.0,7
203,2017-05-11,2,1,2,87414,2,85665.72,2
204,2017-05-02,6,3,0,72602,5,68971.9,6
205,2017-05-22,7,4,5,87740,0,87740.0,0
206,2017-05-17,8,2,1,119158,1,117966.42,0
207,2017-05-12,5,0,2,87414,6,82169.16,1
208,2017-05-07,3,1,0,72602,6,68245.88,3
209,2017-05-17,6,6,6,67982,5,64582.9,6
210,2017-05-25,0,5,3,66860,0,66860.0,3
211,2017-05-01,4,4,4,116944,4,112266.24,4
212,2017-05-19,0,5,2,87414,2,85665.72,2
213,2017-05-22,6,0,4,116944,0,116944.0,1
214,2017-05-10,8,3,8,106015,1,104954.85,1
215,2017-05-22,0,0,2,87414,6,82169.16,4
216,2017-05-03,5,4,1,119158,5,113200.1,5
217,2017-05-24,6,6,7,106650,3,103450.5,8
218,2017-05-15,7,6,9,117439,1,116264.61,5
219,2017-05-15,3,6,9,117439,1,116264.61,5
220,2017-05-16,7,0,8,106015,4,101774.4,0
221,2017-05-03,1,2,3,66860,6,62848.4,4
222,2017-05-24,5,1,6,67982,4,65262.72,3
223,2017-05-03,5,6,3,66860,1,66191.4,3
224,2017-05-07,5,0,8,106015,2,103894.7,2
225,2017-05-19,1,5,0,72602,1,71875.98,8
226,2017-05-12,1,4,0,72602,2,71149.96,0
227,2017-05-17,3,5,5,87740,4,84230.4,1
228,2017-05-23,3,6,2,87414,1,86539.86,6
229,2017-05-10,0,0,6,67982,3,65942.54,7
230,2017-05-10,8,2,6,67982,2,66622.36,0
231,2017-05-01,0,6,4,116944,6,109927.36,3
232,2017-05-18,5,2,3,66860,3,64854.2,4
233,2017-05-20,6,1,9,117439,3,113915.83,5
234,2017-05-14,2,5,7,106650,4,102384.0,0
235,2017-05-23,5,5,4,116944,5,111096.8,1
236,2017-05-17,7,2,5,87740,5,83353.0,1
237,2017-05-19,5,7,4,116944,3,113435.68,8
238,2017-05-20,1,5,4,116944,5,111096.8,6
239,2017-05-04,1,5,1,119158,5,113200.1,0
240,2017-05-22,4,3,3,66860,4,64185.6,4
241,2017-05-01,8,5,9,117439,3,113915.83,5
242,2017-05-13,4,7,0,72602,2,71149.96,5
243,2017-05-01,4,1,9,117439,4,112741.44,5
244,2017-05-14,1,7,4,116944,1,115774.56,5
245,2017-05-03,3,3,6,67982,3,65942.54,3
246,2017-05-06,6,3,1,119158,5,113200.1,7
247,2017-05-12,1,7,0,72602,0,72602.0,7
248,2017-05-10,5,0,2,87414,6,82169.16,3
249,2017-05-12,6,6,9,117439,0,117439.0,8
250,2017-05-02,4,1,6,67982,4,65262.72,0
251,2017-06-04,6,0,5,87740,0,87740.0,4
252,2017-06-06,7,2,3,66860,1,66191.4,3
253,2017-06-27,7,4,7,106650,4,102384.0,4
254,2017-06-05,1,2,0,72602,4,69697.92,6
255,2017-06-02,6,5,2,87414,1,86539.86,7
256,2017-06-10,8,6,5,87740,0,87740.0,3
257,2017-06-24,1,6,7,106650,2,104517.0,7
258,2017-06-01,5,7,3,66860,6,62848.4,0
259,2017-06-01,6,2,6,67982,6,63903.08,0
260,2017-06-11,8,4,6,67982,4,65262.72,3
261,2017-06-15,5,3,4,116944,2,114605.12,0
262,2017-06-01,6,3,6,67982,6,63903.08,5
263,2017-06-27,1,7,7,106650,1,105583.5,5
264,2017-06-09,1,7,0,72602,4,69697.92,8
265,2017-06-25,3,0,4,116944,6,109927.36,7
266,2017-06-18,6,3,3,66860,0,66860.0,7
267,2017-06-24,1,1,6,67982,2,66622.36,1
268,2017-06-02,3,6,0,72602,1,71875.98,8
269,2017-06-09,4,1,3,66860,5,63517.0,7
270,2017-06-20,1,1,2,87414,0,87414.0,1
271,2017-06-20,8,1,4,116944,5,111096.8,3
272,2017-06-19,7,3,3,66860,0,66860.0,0
273,2017-06-24,5,7,3,66860,4,64185.6,4
274,2017-06-10,1,6,7,106650,2,104517.0,0
275,2017-06-06,0,5,2,87414,2,85665.72,7
276,2017-06-21,5,1,5,87740,6,82475.6,1
277,2017-06-21,3,0,2,87414,1,86539.86,3
278,2017-06-22,1,7,8,106015,3,102834.55,3
279,2017-06-22,5,1,3,66860,0,66860.0,6
280,2017-06-15,1,4,9,117439,1,116264.61,8
281,2017-06-21,3,7,0,72602,6,68245.88,1
282,2017-06-24,8,4,9,117439,3,113915.83,3
283,2017-06-23,0,1,7,106650,4,102384.0,2
284,2017-06-15,6,2,5,87740,4,84230.4,6
285,2017-06-04,4,1,7,106650,3,103450.5,0
286,2017-06-15,7,2,3,66860,2,65522.8,1
287,2017-06-26,6,1,8,106015,6,99654.1,2
288,2017-06-09,7,4,4,116944,2,114605.12,8
289,2017-06-02,3,3,1,119158,6,112008.52,6
290,2017-06-25,7,4,1,119158,0,119158.0,7
291,2017-06-22,6,7,6,67982,1,67302.18,2
292,2017-06-26,8,1,9,117439,0,117439.0,1
293,2017-06-05,6,2,8,106015,5,100714.25,3
294,2017-06-24,1,6,7,106650,3,103450.5,4
295,2017-06-14,3,2,8,106015,4,101774.4,0
296,2017-06-20,4,7,7,106650,5,101317.5,7
297,2017-06-15,0,1,7,106650,3,103450.5,3
298,2017-06-26,4,7,4,116944,2,114605.12,6
299,2017-06-07,4,5,0,72602,3,70423.94,3
300,2017-06-14,3,5,7,106650,3,103450.5,1
301,2017-07-05,5,4,8,106015,0,106015.0,4
302,2017-07-05,1,3,5,87740,2,85985.2,7
303,2017-07-18,5,6,1,119158,5,113200.1,0
304,2017-07-10,8,4,1,119158,5,113200.1,0
305,2017-07-19,5,1,0,72602,3,70423.94,7
306,2017-07-24,1,5,5,87740,5,83353.0,1
307,2017-07-26,7,2,2,87414,6,82169.16,0
308,2017-07-07,6,2,4,116944,2,114605.12,0
309,2017-07-04,7,6,1,119158,0,119158.0,0
310,2017-07-18,5,3,2,87414,5,83043.3,1
311,2017-07-19,7,4,8,106015,4,101774.4,5
312,2017-07-25,0,6,2,87414,0,87414.0,4
313,2017-07-25,1,4,7,106650,0,106650.0,4
314,2017-07-17,1,6,3,66860,6,62848.4,0
315,2017-07-13,6,6,5,87740,3,85107.8,8
316,2017-07-02,5,0,2,87414,3,84791.58,7
317,2017-07-03,5,0,3,66860,2,65522.8,8
318,2017-07-24,2,4,5,87740,3,85107.8,7
319,2017-07-21,2,6,8,106015,4,101774.4,3
320,2017-07-15,5,7,6,67982,3,65942.54,4
321,2017-07-05,5,7,1,119158,0,119158.0,3
322,2017-07-17,8,5,4,116944,1,115774.56,2
323,2017-07-16,2,1,1,119158,6,112008.52,5
324,2017-07-10,4,1,6,67982,0,67982.0,8
325,2017-07-16,3,0,8,106015,3,102834.55,4
326,2017-07-01,4,2,4,116944,4,112266.24,7
327,2017-07-05,7,5,8,106015,4,101774.4,1
328,2017-07-08,1,2,4,116944,1,115774.56,4
329,2017-07-19,8,3,7,106650,6,100251.0,7
330,2017-07-20,6,1,0,72602,3,70423.94,2
331,2017-07-23,2,0,4,116944,1,115774.56,7
332,2017-07-07,3,4,3,66860,4,64185.6,4
333,2017-07-15,2,7,1,119158,2,116774.84,4
334,2017-07-25,2,2,3,66860,5,63517.0,1
335,2017-07-15,5,4,6,67982,0,67982.0,2
336,2017-07-08,4,5,1,119158,4,114391.68,8
337,2017-07-13,1,3,2,87414,2,85665.72,7
338,2017-07-25,3,2,1,119158,3,115583.26,6
339,2017-07-19,0,6,7,106650,4,102384.0,5
340,2017-07-02,7,7,6,67982,6,63903.08,6
341,2017-07-16,7,7,9,117439,4,112741.44,6
342,2017-07-02,4,3,5,87740,5,83353.0,3
343,2017-07-04,7,6,1,119158,4,114391.68,3
344,2017-07-14,4,3,3,66860,1,66191.4,1
345,2017-07-21,3,3,3,66860,6,62848.4,7
346,2017-07-16,5,1,0,72602,4,69697.92,3
347,2017-07-02,4,4,5,87740,4,84230.4,1
348,2017-07-06,4,6,3,66860,6,62848.4,2
349,2017-07-11,2,2,4,116944,5,111096.8,4
350,2017-07-23,0,7,3,66860,5,63517.0,8
351,2017-08-15,8,7,3,66860,1,66191.4,2
352,2017-08-25,6,7,2,87414,2,85665.72,4
353,2017-08-17,7,6,7,106650,3,103450.5,1
354,2017-08-11,6,4,1,119158,3,115583.26,1
355,2017-08-10,2,7,3,66860,0,66860.0,6
356,2017-08-19,5,6,6,67982,0,67982.0,2
357,2017-08-14,5,3,6,67982,4,65262.72,0
358,2017-08-08,7,1,2,87414,1,86539.86,1
359,2017-08-02,7,1,2,87414,0,87414.0,2
360,2017-08-11,4,7,2,87414,0,87414.0,3
361,2017-08-20,4,7,8,106015,4,101774.4,0
362,2017-08-01,8,7,7,106650,4,102384.0,4
363,2017-08-08,6,5,6,67982,3,65942.54,2
364,2017-08-03,5,7,7,106650,5,101317.5,3
365,2017-08-18,5,3,5,87740,6,82475.6,1
366,2017-08-17,4,2,3,66860,6,62848.4,5
367,2017-08-04,4,3,1,119158,5,113200.1,3
368,2017-08-02,6,3,4,116944,2,114605.12,4
369,2017-08-15,0,5,1,119158,4,114391.68,2
370,2017-08-01,3,7,8,106015,5,100714.25,1
371,2017-08-13,5,1,9,117439,6,110392.66,7
372,2017-08-10,1,6,3,66860,1,66191.4,3
373,2017-08-27,6,5,0,72602,0,72602.0,4
374,2017-08-09,0,3,1,119158,2,116774.84,6
375,2017-08-01,6,0,5,87740,1,86862.6,7
376,2017-08-23,3,4,3,66860,5,63517.0,8
377,2017-08-08,1,2,2,87414,5,83043.3,0
378,2017-08-19,0,1,2,87414,2,85665.72,0
379,2017-08-27,8,2,9,117439,6,110392.66,1
380,2017-08-21,4,7,9,117439,6,110392.66,0
381,2017-08-18,0,2,3,66860,2,65522.8,8
382,2017-08-15,6,2,7,106650,1,105583.5,2
383,2017-08-01,6,2,6,67982,5,64582.9,0
384,2017-08-07,8,6,4,116944,3,113435.68,8
385,2017-08-20,5,7,6,67982,6,63903.08,2
386,2017-08-06,6,0,9,117439,0,117439.0,3
387,2017-08-15,3,4,8,106015,0,106015.0,7
388,2017-08-18,5,3,1,119158,3,115583.26,0
389,2017-08-17,8,3,2,87414,0,87414.0,4
390,2017-08-18,2,5,4,116944,0,116944.0,2
391,2017-08-07,7,2,0,72602,1,71875.98,2
392,2017-08-18,8,0,9,117439,6,110392.66,7
393,2017-08-11,4,2,5,87740,4,84230.4,0
394,2017-08-27,1,1,5,87740,2,85985.2,7
395,2017-08-02,6,2,6,67982,3,65942.54,3
396,2017-08-04,7,7,9,117439,1,116264.61,4
397,2017-08-09,7,6,1,119158,6,112008.52,3
398,2017-08-15,0,7,8,106015,4,101774.4,3
399,2017-08-04,4,3,5,87740,5,83353.0,1
400,2017-08-27,5,2,6,67982,1,67302.18,4
401,2017-09-11,7,6,8,106015,3,102834.55,7
402,2017-09-26,0,6,6,67982,5,64582.9,5
403,2017-09-26,3,1,9,117439,4,112741.44,3
404,2017-09-21,7,4,7,106650,5,101317.5,4
405,2017-09-06,7,3,2,87414,2,85665.72,3
406,2017-09-19,7,0,6,67982,1,67302.18,8
407,2017-09-12,4,6,9,117439,4,112741.44,1
408,2017-09-01,3,0,1,119158,3,115583.26,4
409,2017-09-12,0,3,7,106650,5,101317.5,7
410,2017-09-16,7,4,2,87414,1,86539.86,6
411,2017-09-01,0,7,2,87414,6,82169.16,1
412,2017-09-08,3,4,8,106015,0,106015.0,1
413,2017-09-14,3,0,6,67982,2,66622.36,6
414,2017-09-08,1,1,6,67982,0,67982.0,8
415,2017-09-10,0,4,1,119158,6,112008.52,6
416,2017-09-26,1,4,2,87414,0,87414.0,0
417,2017-09-20,3,3,2,87414,1,86539.86,5
418,2017-09-13,8,3,0,72602,1,71875.98,4
419,2017-09-15,7,7,7,106650,3,103450.5,5
420,2017-09-19,0,6,6,67982,4,65262.72,5
421,2017-09-26,4,7,7,106650,2,104517.0,2
422,2017-09-21,4,3,0,72602,4,69697.92,4
423,2017-09-08,1,1,2,87414,5,83043.3,6
424,2017-09-10,4,6,3,66860,2,65522.8,0
425,2017-09-13,2,1,1,119158,1,117966.42,2
426,2017-09-06,6,7,2,87414,4,83917.44,0
427,2017-09-22,1,3,2,87414,1,86539.86,5
428,2017-09-02,5,4,9,117439,1,116264.61,6
429,2017-09-13,4,4,1,119158,5,113200.1,5
430,2017-09-05,5,4,1,119158,6,112008.52,2
431,2017-09-18,6,3,1,119158,1,117966.42,2
432,2017-09-09,1,4,0,72602,2,71149.96,4
433,2017-09-13,3,4,4,116944,3,113435.68,4
434,2017-09-03,2,5,6,67982,3,65942.54,7
435,2017-09-16,2,2,3,66860,3,64854.2,0
436,2017-09-17,2,2,5,87740,4,84230.4,1
437,2017-09-04,8,4,6,67982,3,65942.54,2
438,2017-09-16,2,5,4,116944,4,112266.24,0
439,2017-09-10,2,0,8,106015,5,100714.25,2
440,2017-09-23,4,7,6,67982,1,67302.18,0
441,2017-09-03,6,7,1,119158,4,114391.68,0
442,2017-09-12,8,5,7,106650,4,102384.0,1
443,2017-09-07,7,0,3,66860,1,66191.4,8
444,2017-09-01,0,0,3,66860,2,65522.8,2
445,2017-09-17,2,4,4,116944,3,113435.68,6
446,2017-09-13,5,1,7,106650,1,105583.5,7
447,2017-09-02,4,0,7,106650,3,103450.5,6
448,2017-09-06,1,3,8,106015,2,103894.7,0
449,2017-09-01,3,0,7,106650,3,103450.5,4
450,2017-09-01,2,0,7,106650,1,105583.5,4
451,2017-10-11,6,3,3,66860,1,66191.4,8
452,2017-10-26,1,7,7,106650,2,104517.0,2
453,2017-10-13,8,0,8,106015,2,103894.7,3
454,2017-10-26,7,5,1,119158,4,114391.68,4
455,2017-10-04,0,0,1,119158,6,112008.52,7
456,2017-10-22,4,0,4,116944,3,113435.68,0
457,2017-10-01,6,5,4,116944,1,115774.56,6
458,2017-10-20,0,5,2,87414,4,83917.44,5
459,2017-10-11,5,7,4,116944,2,114605.12,2
460,2017-10-10,0,6,0,72602,6,68245.88,7
461,2017-10-09,0,2,5,87740,5,83353.0,1
462,2017-10-14,7,7,6,67982,5,64582.9,3
463,2017-10-14,4,7,2,87414,4,83917.44,4
464,2017-10-01,3,6,4,116944,6,109927.36,7
465,2017-10-18,2,1,4,116944,2,114605.12,1
466,2017-10-16,7,1,0,72602,4,69697.92,1
467,2017-10-07,3,4,7,106650,5,101317.5,3
468,2017-10-02,5,1,9,117439,4,112741.44,2
469,2017-10-08,8,4,1,119158,2,116774.84,0
470,2017-10-17,1,6,7,106650,0,106650.0,2
471,2017-10-01,8,5,9,117439,4,112741.44,8
472,2017-10-03,3,4,7,106650,6,100251.0,5
473,2017-10-16,6,3,2,87414,3,84791.58,3
474,2017-10-14,5,7,1,119158,3,115583.26,5
475,2017-10-12,6,2,1,119158,4,114391.68,2
476,2017-10-18,1,1,7,106650,5,101317.5,2
477,2017-10-17,0,7,8,106015,0,106015.0,4
478,2017-10-21,2,2,6,67982,1,67302.18,7
479,2017-10-14,5,6,9,117439,3,113915.83,8
480,2017-10-10,3,0,8,106015,0,106015.0,5
481,2017-10-10,4,1,6,67982,6,63903.08,2
482,2017-10-06,3,6,3,66860,3,64854.2,5
483,2017-10-16,6,1,3,66860,4,64185.6,5
484,2017-10-17,2,0,7,106650,4,102384.0,3
485,2017-10-20,6,6,8,106015,0,106015.0,4
486,2017-10-11,3,0,3,66860,1,66191.4,5
487,2017-10-15,8,7,3,66860,1,66191.4,0
488,2017-10-19,7,6,6,67982,6,63903.08,3
489,2017-10-10,0,6,9,117439,2,115090.22,4
490,2017-10-14,7,4,1,119158,3,115583.26,8
491,2017-10-13,7,5,4,116944,6,109927.36,0
492,2017-10-18,8,3,4,116944,3,113435.68,6
493,2017-10-01,8,5,3,66860,3,64854.2,4
494,2017-10-09,2,6,1,119158,3,115583.26,2
495,2017-10-05,0,2,4,116944,3,113435.68,1
496,2017-10-01,4,3,4,116944,6,109927.36,6
497,2017-10-20,7,1,5,87740,1,86862.6,5
498,2017-10-18,5,1,3,66860,0,66860.0,5
499,2017-10-15,4,4,9,117439,4,112741.44,2
500,2017-10-16,2,4,4,116944,2,114605.12,7
501,2017-11-14,6,0,0,72602,2,71149.96,5
502,2017-11-23,3,7,2,87414,6,82169.16,2
503,2017-11-11,3,4,6,67982,6,63903.08,0
504,2017-11-05,4,5,7,106650,1,105583.5,7
505,2017-11-15,2,7,6,67982,5,64582.9,5
506,2017-11-15,0,2,9,117439,5,111567.05,8
507,2017-11-17,2,5,1,119158,6,112008.52,8
508,2017-11-04,4,2,2,87414,4,83917.44,5
509,2017-11-22,8,2,2,87414,4,83917.44,1
510,2017-11-13,8,6,4,116944,0,116944.0,6
511,2017-11-22,0,7,5,87740,6,82475.6,6
512,2017-11-05,8,7,0,72602,5,68971.9,1
513,2017-11-10,5,5,0,72602,2,71149.96,8
514,2017-11-23,0,2,5,87740,4,84230.4,7
515,2017-11-01,0,1,8,106015,4,101774.4,2
516,2017-11-06,4,2,7,106650,1,105583.5,2
517,2017-11-22,5,1,8,106015,3,102834.55,6
518,2017-11-14,4,1,5,87740,5,83353.0,7
519,2017-11-09,1,4,9,117439,4,112741.44,5
520,2017-11-17,0,2,0,72602,1,71875.98,6
521,2017-11-02,7,3,5,87740,2,85985.2,3
522,2017-11-13,1,1,1,119158,4,114391.68,0
523,2017-11-19,6,5,7,106650,2,104517.0,4
524,2017-11-21,0,5,2,87414,4,83917.44,4
525,2017-11-22,1,5,8,106015,6,99654.1,7
526,2017-11-03,1,5,7,106650,5,101317.5,1
527,2017-11-24,4,0,6,67982,6,63903.08,6
528,2017-11-23,8,7,7,106650,5,101317.5,7
529,2017-11-08,8,5,6,67982,0,67982.0,2
530,2017-11-17,0,2,1,119158,0,119158.0,8
531,2017-11-09,1,7,0,72602,0,72602.0,4
532,2017-11-24,2,1,5,87740,3,85107.8,5
533,2017-11-01,4,1,9,117439,4,112741.44,8
534,2017-11-01,0,0,9,117439,4,112741.44,1
535,2017-11-19,5,6,6,67982,4,65262.72,8
536,2017-11-06,7,2,6,67982,0,67982.0,1
537,2017-11-07,2,3,1,119158,3,115583.26,6
538,2017-11-21,4,4,3,66860,5,63517.0,3
539,2017-11-11,5,4,4,116944,4,112266.24,3
540,2017-11-08,6,5,6,67982,4,65262.72,1
541,2017-11-22,4,6,7,106650,5,101317.5,1
542,2017-11-01,7,7,5,87740,5,83353.0,2
543,2017-11-24,1,0,6,67982,0,67982.0,8
544,2017-11-17,0,2,3,66860,2,65522.8,5
545,2017-11-23,1,5,5,87740,3,85107.8,6
546,2017-11-05,1,1,6,67982,1,67302.18,6
547,2017-11-11,1,2,3,66860,6,62848.4,6
548,2017-11-14,5,6,7,106650,6,100251.0,0
549,2017-11-11,8,6,3,66860,1,66191.4,5
550,2017-11-03,5,3,7,106650,2,104517.0,6
551,2017-12-11,5,4,0,72602,1,71875.98,8
552,2017-12-22,8,4,5,87740,6,82475.6,0
553,2017-12-10,6,2,9,117439,5,111567.05,4
554,2017-12-14,2,0,8,106015,5,100714.25,7
555,2017-12-16,1,4,9,117439,2,115090.22,1
556,2017-12-27,1,1,9,117439,6,110392.66,4
557,2017-12-25,2,6,0,72602,3,70423.94,3
558,2017-12-12,1,0,7,106650,0,106650.0,1
559,2017-12-06,8,5,1,119158,1,117966.42,2
560,2017-12-09,7,3,4,116944,5,111096.8,3
561,2017-12-21,1,4,9,117439,4,112741.44,1
562,2017-12-03,2,5,5,87740,0,87740.0,6
563,2017-12-12,7,0,6,67982,2,66622.36,5
564,2017-12-05,4,6,9,117439,0,117439.0,7
565,2017-12-09,2,6,4,116944,1,115774.56,4
566,2017-12-05,8,4,4,116944,5,111096.8,3
567,2017-12-15,4,7,3,66860,6,62848.4,8
568,2017-12-09,7,6,3,66860,0,66860.0,6
569,2017-12-02,8,1,4,116944,3,113435.68,6
570,2017-12-04,7,3,8,106015,6,99654.1,4
571,2017-12-09,6,1,9,117439,1,116264.61,4
572,2017-12-14,0,0,6,67982,2,66622.36,7
573,2017-12-10,2,3,2,87414,3,84791.58,1
574,2017-12-08,1,4,7,106650,4,102384.0,8
575,2017-12-21,0,5,4,116944,2,114605.12,3
576,2017-12-26,2,2,9,117439,0,117439.0,7
577,2017-12-26,7,4,7,106650,1,105583.5,8
578,2017-12-09,7,5,9,117439,3,113915.83,5
579,2017-12-13,3,7,6,67982,6,63903.08,6
580,2017-12-19,0,6,0,72602,5,68971.9,8
581,2017-12-20,8,3,3,66860,2,65522.8,6
582,2017-12-19,5,4,1,119158,3,115583.26,8
583,2017-12-18,2,5,7,106650,6,100251.0,5
584,2017-12-08,5,1,7,106650,0,106650.0,6
585,2017-12-03,8,0,3,66860,0,66860.0,6
586,2017-12-13,3,0,8,106015,4,101774.4,3
587,2017-12-08,1,5,3,66860,2,65522.8,1
588,2017-12-16,6,6,9,117439,4,112741.44,8
589,2017-12-12,5,2,2,87414,0,87414.0,5
590,2017-12-27,5,1,6,67982,2,66622.36,5
591,2017-12-13,5,4,4,116944,0,116944.0,7
592,2017-12-22,3,4,0,72602,6,68245.88,7
593,2017-12-04,2,2,9,117439,3,113915.83,8
594,2017-12-19,8,1,2,87414,4,83917.44,1
595,2017-12-02,3,7,2,87414,2,85665.72,2
596,2017-12-19,5,0,8,106015,1,104954.85,5
597,2017-12-23,2,0,6,67982,2,66622.36,8
598,2017-12-11,2,6,9,117439,4,112741.44,8
599,2017-12-09,0,2,2,87414,3,84791.58,7
600,2017-12-02,5,5,4,116944,0,116944.0,6
601,2018-01-02,4,7,2,87414,3,84791.58,5
602,2018-01-01,8,0,9,117439,3,113915.83,8
603,2018-01-17,6,3,6,67982,0,67982.0,1
604,2018-01-06,6,1,1,119158,1,117966.42,3
605,2018-01-03,4,5,7,106650,4,102384.0,7
606,2018-01-17,6,1,0,72602,2,71149.96,7
607,2018-01-20,7,6,1,119158,2,116774.84,5
608,2018-01-11,2,7,8,106015,2,103894.7,1
609,2018-01-18,5,6,8,106015,5,100714.25,4
610,2018-01-08,7,2,6,67982,0,67982.0,7
611,2018-01-17,4,1,4,116944,1,115774.56,2
612,2018-01-11,7,6,6,67982,4,65262.72,7
613,2018-01-05,8,1,1,119158,0,119158.0,5
614,2018-01-22,4,3,0,72602,5,68971.9,4
615,2018-01-16,5,7,6,67982,5,64582.9,0
616,2018-01-05,4,2,8,106015,4,101774.4,3
617,2018-01-05,0,7,1,119158,5,113200.1,7
618,2018-01-24,1,0,3,66860,3,64854.2,3
619,2018-01-04,0,1,3,66860,3,64854.2,0
620,2018-01-21,1,4,4,116944,0,116944.0,8
621,2018-01-06,1,1,3,66860,0,66860.0,0
622,2018-01-16,7,2,1,119158,5,113200.1,1
623,2018-01-18,5,0,4,116944,0,116944.0,0
624,2018-01-17,8,3,2,87414,0,87414.0,2
625,2018-01-02,4,0,9,117439,1,116264.61,5
626,2018-01-15,4,2,6,67982,2,66622.36,3
627,2018-01-06,8,3,5,87740,6,82475.6,4
628,2018-01-24,2,2,0,72602,4,69697.92,2
629,2018-01-11,7,5,2,87414,2,85665.72,6
630,2018-01-06,0,3,4,116944,6,109927.36,3
631,2018-01-16,8,1,0,72602,1,71875.98,1
632,2018-01-07,1,4,7,106650,4,102384.0,8
633,2018-01-14,3,1,6,67982,3,65942.54,6
634,2018-01-19,2,2,3,66860,3,64854.2,7
635,2018-01-06,3,2,5,87740,5,83353.0,4
636,2018-01-06,2,0,8,106015,3,102834.55,4
637,2018-01-06,8,3,3,66860,5,63517.0,2
638,2018-01-06,0,3,8,106015,0,106015.0,0
639,2018-01-27,6,1,2,87414,0,87414.0,2
640,2018-01-05,7,6,1,119158,3,115583.26,4
641,2018-01-18,5,7,1,119158,6,112008.52,3
642,2018-01-09,5,3,8,106015,5,100714.25,4
643,2018-01-10,7,3,6,67982,4,65262.72,8
644,2018-01-09,7,4,5,87740,4,84230.4,3
645,2018-01-12,3,1,7,106650,3,103450.5,8
646,2018-01-10,0,3,2,87414,0,87414.0,5
647,2018-01-24,5,3,5,87740,2,85985.2,3
648,2018-01-13,1,3,7,106650,0,106650.0,4
649,2018-01-24,0,1,2,87414,4,83917.44,4
650,2018-01-26,6,0,0,72602,6,68245.88,2
651,2018-02-15,2,0,7,106650,3,103450.5,2
652,2018-02-08,5,6,2,87414,2,85665.72,0
653,2018-02-07,4,1,3,66860,4,64185.6,0
654,2018-02-27,6,7,5,87740,3,85107.8,5
655,2018-02-09,0,7,7,106650,3,103450.5,3
656,2018-02-11,6,6,3,66860,5,63517.0,8
657,2018-02-14,1,4,3,66860,3,64854.2,4
658,2018-02-05,0,4,2,87414,2,85665.72,7
659,2018-02-07,1,5,5,87740,0,87740.0,5
660,2018-02-08,5,5,2,87414,0,87414.0,6
661,2018-02-09,1,7,8,106015,4,101774.4,4
662,2018-02-06,5,4,5,87740,0,87740.0,7
663,2018-02-07,7,5,2,87414,0,87414.0,3
664,2018-02-25,0,2,5,87740,5,83353.0,6
665,2018-02-15,4,3,3,66860,0,66860.0,0
666,2018-02-05,4,2,2,87414,6,82169.16,6
667,2018-02-22,5,4,4,116944,3,113435.68,7
668,2018-02-06,5,4,4,116944,6,109927.36,6
669,2018-02-07,1,7,7,106650,0,106650.0,0
670,2018-02-21,5,1,0,72602,0,72602.0,6
671,2018-02-02,7,6,5,87740,2,85985.2,4
672,2018-02-16,8,2,8,106015,3,102834.55,5
673,2018-02-05,8,2,8,106015,2,103894.7,1
674,2018-02-09,4,7,7,106650,2,104517.0,8
675,2018-02-20,5,0,9,117439,2,115090.22,2
676,2018-02-21,1,1,8,106015,2,103894.7,2
677,2018-02-16,5,4,9,117439,6,110392.66,8
678,2018-02-22,6,3,4,116944,3,113435.68,6
679,2018-02-16,8,1,8,106015,1,104954.85,3
680,2018-02-27,4,6,1,119158,1,117966.42,8
681,2018-02-25,2,1,3,66860,4,64185.6,8
682,2018-02-23,1,5,7,106650,3,103450.5,2
683,2018-02-04,0,5,6,67982,3,65942.54,7
684,2018-02-07,3,7,3,66860,0,66860.0,8
685,2018-02-15,1,7,6,67982,5,64582.9,0
686,2018-02-10,1,6,8,106015,0,106015.0,5
687,2018-02-16,6,6,4,116944,4,112266.24,3
688,2018-02-20,0,0,3,66860,2,65522.8,1
689,2018-02-22,0,6,0,72602,1,71875.98,7
690,2018-02-27,3,7,7,106650,6,100251.0,7
691,2018-02-27,4,6,7,106650,1,105583.5,4
692,2018-02-17,8,5,0,72602,4,69697.92,3
693,2018-02-14,5,1,4,116944,2,114605.12,2
694,2018-02-14,8,6,1,119158,6,112008.52,8
695,2018-02-04,8,6,7,106650,1,105583.5,6
696,2018-02-07,5,0,5,87740,6,82475.6,8
697,2018-02-21,0,6,8,106015,5,100714.25,6
698,2018-02-09,7,1,9,117439,2,115090.22,4
699,2018-02-04,6,5,3,66860,1,66191.4,7
700,2018-02-05,1,2,4,116944,1,115774.56,3
701,2018-03-17,2,2,8,106015,1,104954.85,5
702,2018-03-26,3,0,5,87740,2,85985.2,3
703,2018-03-03,4,4,8,106015,3,102834.55,1
704,2018-03-17,2,2,6,67982,0,67982.0,7
705,2018-03-05,1,6,7,106650,3,103450.5,1
706,2018-03-21,0,1,0,72602,4,69697.92,1
707,2018-03-13,3,0,4,116944,5,111096.8,8
708,2018-03-25,0,3,2,87414,3,84791.58,2
709,2018-03-09,8,6,8,106015,6,99654.1,6
710,2018-03-25,8,1,6,67982,1,67302.18,6
711,2018-03-27,4,5,5,87740,1,86862.6,2
712,2018-03-12,1,0,9,117439,3,113915.83,7
713,2018-03-21,4,1,2,87414,0,87414.0,3
714,2018-03-21,3,7,8,106015,3,102834.55,8
715,2018-03-02,8,6,7,106650,6,100251.0,3
716,2018-03-02,7,4,3,66860,2,65522.8,2
717,2018-03-01,1,0,3,66860,4,64185.6,3
718,2018-03-01,0,1,2,87414,1,86539.86,4
719,2018-03-19,1,7,4,116944,5,111096.8,2
720,2018-03-08,8,4,4,116944,1,115774.56,6
721,2018-03-25,8,3,1,119158,5,113200.1,4
722,2018-03-22,8,4,4,116944,6,109927.36,4
723,2018-03-08,4,4,0,72602,1,71875.98,8
724,2018-03-05,2,0,4,116944,4,112266.24,0
725,2018-03-01,2,0,0,72602,0,72602.0,6
726,2018-03-19,5,0,5,87740,5,83353.0,4
727,2018-03-25,5,6,3,66860,4,64185.6,4
728,2018-03-27,4,4,4,116944,5,111096.8,8
729,2018-03-09,3,1,8,106015,3,102834.55,3
730,2018-03-15,4,6,2,87414,2,85665.72,1
731,2018-03-21,0,4,8,106015,4,101774.4,4
732,2018-03-15,8,5,6,67982,5,64582.9,0
733,2018-03-24,1,7,9,117439,1,116264.61,8
734,2018-03-16,7,4,3,66860,6,62848.4,2
735,2018-03-20,5,5,4,116944,0,116944.0,6
736,2018-03-24,5,3,2,87414,5,83043.3,6
737,2018-03-08,1,5,6,67982,2,66622.36,8
738,2018-03-10,6,4,0,72602,1,71875.98,4
739,2018-03-15,7,1,9,117439,4,112741.44,8
740,2018-03-18,5,5,8,106015,2,103894.7,8
741,2018-03-22,8,0,3,66860,3,64854.2,4
742,2018-03-26,8,2,1,119158,3,115583.26,6
743,2018-03-01,0,3,8,106015,2,103894.7,2
744,2018-03-12,3,4,4,116944,0,116944.0,6
745,2018-03-19,2,2,5,87740,4,84230.4,2
746,2018-03-20,8,1,3,66860,5,63517.0,4
747,2018-03-16,6,0,9,117439,0,117439.0,1
748,2018-03-12,7,7,7,106650,5,101317.5,4
749,2018-03-12,8,2,2,87414,2,85665.72,7
750,2018-03-02,6,5,8,106015,2,103894.7,1
751,2018-04-04,2,6,3,66860,4,64185.6,4
752,2018-04-07,3,3,9,117439,1,116264.61,6
753,2018-04-11,2,1,8,106015,6,99654.1,7
754,2018-04-23,1,4,9,117439,4,112741.44,5
755,2018-04-06,7,4,5,87740,1,86862.6,4
756,2018-04-14,4,3,0,72602,1,71875.98,7
757,2018-04-12,8,6,0,72602,6,68245.88,8
758,2018-04-25,2,6,1,119158,6,112008.52,0
759,2018-04-27,1,6,9,117439,1,116264.61,6
760,2018-04-17,6,6,9,117439,2,115090.22,5
761,2018-04-08,2,5,0,72602,2,71149.96,0
762,2018-04-26,0,0,4,116944,1,115774.56,8
763,2018-04-20,3,5,7,106650,1,105583.5,5
764,2018-04-20,0,0,9,117439,4,112741.44,3
765,2018-04-18,8,3,7,106650,0,106650.0,8
766,2018-04-25,0,3,0,72602,0,72602.0,8
767,2018-04-05,6,6,1,119158,6,112008.52,5
768,2018-04-26,6,1,6,67982,6,63903.08,6
769,2018-04-03,7,1,4,116944,1,115774.56,7
770,2018-04-18,2,4,5,87740,5,83353.0,7
771,2018-04-27,8,4,1,119158,6,112008.52,4
772,2018-04-17,4,2,3,66860,0,66860.0,0
773,2018-04-05,6,6,6,67982,5,64582.9,0
774,2018-04-17,3,7,5,87740,4,84230.4,8
775,2018-04-24,6,1,8,106015,3,102834.55,2
776,2018-04-14,7,0,6,67982,4,65262.72,6
777,2018-04-19,4,5,2,87414,6,82169.16,6
778,2018-04-05,2,5,6,67982,4,65262.72,3
779,2018-04-03,7,5,8,106015,6,99654.1,7
780,2018-04-22,8,3,4,116944,4,112266.24,8
781,2018-04-18,6,4,2,87414,5,83043.3,8
782,2018-04-12,3,0,0,72602,2,71149.96,3
783,2018-04-25,8,4,2,87414,6,82169.16,6
784,2018-04-17,1,6,0,72602,1,71875.98,7
785,2018-04-24,7,3,2,87414,2,85665.72,4
786,2018-04-04,5,0,7,106650,1,105583.5,1
787,2018-04-18,4,2,7,106650,4,102384.0,3
788,2018-04-23,6,7,7,106650,6,100251.0,1
789,2018-04-04,4,1,3,66860,6,62848.4,4
790,2018-04-12,3,6,6,67982,0,67982.0,5
791,2018-04-04,1,7,8,106015,4,101774.4,1
792,2018-04-20,1,7,1,119158,5,113200.1,3
793,2018-04-26,6,4,2,87414,2,85665.72,3
794,2018-04-05,6,2,9,117439,4,112741.44,4
795,2018-04-13,8,0,8,106015,2,103894.7,7
796,2018-04-07,5,5,6,67982,4,65262.72,4
797,2018-04-13,8,0,8,106015,3,102834.55,4
798,2018-04-07,4,3,7,106650,3,103450.5,4
799,2018-04-01,2,2,9,117439,2,115090.22,0
800,2018-04-23,8,7,1,119158,3,115583.26,0
801,2018-05-19,1,3,9,117439,0,117439.0,0
802,2018-05-11,6,0,1,119158,6,112008.52,3
803,2018-05-13,7,3,7,106650,5,101317.5,0
804,2018-05-26,7,0,5,87740,0,87740.0,8
805,2018-05-19,4,0,3,66860,3,64854.2,6
806,2018-05-20,2,3,6,67982,0,67982.0,0
807,2018-05-07,0,2,4,116944,3,113435.68,8
808,2018-05-10,1,0,8,106015,4,101774.4,7
809,2018-05-26,8,2,7,106650,3,103450.5,1
810,2018-05-21,8,1,2,87414,1,86539.86,3
811,2018-05-06,4,0,6,67982,4,65262.72,7
812,2018-05-01,3,3,0,72602,4,69697.92,8
813,2018-05-10,8,2,3,66860,1,66191.4,7
814,2018-05-27,0,4,6,67982,2,66622.36,1
815,2018-05-24,6,2,4,116944,0,116944.0,1
816,2018-05-07,4,5,1,119158,3,115583.26,0
817,2018-05-02,1,2,8,106015,0,106015.0,4
818,2018-05-20,3,5,5,87740,2,85985.2,8
819,2018-05-01,0,5,2,87414,3,84791.58,8
820,2018-05-26,1,6,8,106015,6,99654.1,4
821,2018-05-23,8,4,6,67982,3,65942.54,1
822,2018-05-05,5,6,7,106650,6,100251.0,3
823,2018-05-09,0,2,3,66860,5,63517.0,5
824,2018-05-13,7,6,8,106015,0,106015.0,3
825,2018-05-08,1,2,3,66860,6,62848.4,1
826,2018-05-08,0,2,6,67982,2,66622.36,0
827,2018-05-13,5,6,0,72602,5,68971.9,5
828,2018-05-23,0,2,7,106650,0,106650.0,2
829,2018-05-21,8,5,6,67982,4,65262.72,1
830,2018-05-18,5,4,3,66860,2,65522.8,8
831,2018-05-26,2,6,7,106650,2,104517.0,1
832,2018-05-09,2,5,2,87414,3,84791.58,4
833,2018-05-16,2,1,5,87740,4,84230.4,2
834,2018-05-25,8,4,5,87740,2,85985.2,4
835,2018-05-19,1,2,6,67982,6,63903.08,0
836,2018-05-25,6,1,1,119158,1,117966.42,3
837,2018-05-13,4,1,0,72602,3,70423.94,4
838,2018-05-07,0,7,0,72602,4,69697.92,8
839,2018-05-20,0,7,8,106015,3,102834.55,8
840,2018-05-02,7,1,2,87414,1,86539.86,6
841,2018-05-12,7,1,2,87414,6,82169.16,5
842,2018-05-13,0,3,9,117439,6,110392.66,1
843,2018-05-05,2,6,7,106650,1,105583.5,7
844,2018-05-22,7,1,8,106015,5,100714.25,4
845,2018-05-24,7,7,4,116944,4,112266.24,4
846,2018-05-18,4,3,0,72602,1,71875.98,2
847,2018-05-05,5,2,5,87740,3,85107.8,8
848,2018-05-06,1,1,3,66860,5,63517.0,7
849,2018-05-03,1,2,5,87740,3,85107.8,3
850,2018-05-18,4,4,1,119158,2,116774.84,6
851,2018-06-05,3,5,2,87414,6,82169.16,7
852,2018-06-11,7,1,6,67982,3,65942.54,3
853,2018-06-21,4,6,4,116944,0,116944.0,3
854,2018-06-26,8,5,3,66860,1,66191.4,1
855,2018-06-05,4,1,0,72602,3,70423.94,8
856,2018-06-06,3,5,8,106015,6,99654.1,0
857,2018-06-20,4,3,9,117439,1,116264.61,3
858,2018-06-05,4,6,2,87414,1,86539.86,1
859,2018-06-06,4,3,2,87414,5,83043.3,4
860,2018-06-01,1,4,3,66860,5,63517.0,6
861,2018-06-18,3,4,7,106650,6,100251.0,6
862,2018-06-04,1,4,9,117439,0,117439.0,4
863,2018-06-06,6,1,9,117439,2,115090.22,5
864,2018-06-19,1,4,6,67982,0,67982.0,2
865,2018-06-01,2,6,0,72602,2,71149.96,8
866,2018-06-22,7,3,2,87414,2,85665.72,5
867,2018-06-09,4,5,2,87414,6,82169.16,5
868,2018-06-25,4,6,1,119158,5,113200.1,7
869,2018-06-17,1,2,6,67982,4,65262.72,8
870,2018-06-01,6,0,7,106650,6,100251.0,2
871,2018-06-06,6,5,9,117439,3,113915.83,0
872,2018-06-19,4,0,2,87414,3,84791.58,2
873,2018-06-17,5,2,5,87740,5,83353.0,8
874,2018-06-27,7,6,8,106015,2,103894.7,7
875,2018-06-16,3,2,0,72602,3,70423.94,6
876,2018-06-19,3,0,5,87740,5,83353.0,7
877,2018-06-23,6,3,2,87414,1,86539.86,5
878,2018-06-24,7,6,5,87740,0,87740.0,8
879,2018-06-02,0,0,6,67982,5,64582.9,6
880,2018-06-25,1,2,7,106650,3,103450.5,5
881,2018-06-19,6,7,7,106650,4,102384.0,1
882,2018-06-27,7,2,7,106650,1,105583.5,7
883,2018-06-16,4,6,2,87414,5,83043.3,5
884,2018-06-12,6,7,4,116944,4,112266.24,7
885,2018-06-22,2,5,7,106650,1,105583.5,4
886,2018-06-18,2,4,6,67982,1,67302.18,4
887,2018-06-20,1,7,9,117439,1,116264.61,1
888,2018-06-09,4,4,0,72602,4,69697.92,2
889,2018-06-05,6,3,2,87414,4,83917.44,1
890,2018-06-20,6,2,3,66860,2,65522.8,6
891,2018-06-08,3,0,9,117439,6,110392.66,5
892,2018-06-18,2,4,4,116944,2,114605.12,3
893,2018-06-23,3,4,7,106650,4,102384.0,2
894,2018-06-05,8,4,3,66860,3,64854.2,4
895,2018-06-04,2,6,2,87414,5,83043.3,2
896,2018-06-20,6,1,4,116944,6,109927.36,1
897,2018-06-20,2,6,2,87414,5,83043.3,6
898,2018-06-06,3,1,3,66860,1,66191.4,0
899,2018-06-11,4,5,0,72602,1,71875.98,4
900,2018-06-25,6,3,5,87740,6,82475.6,3
901,2018-07-21,4,7,4,116944,5,111096.8,4
902,2018-07-18,3,2,4,116944,6,109927.36,5
903,2018-07-20,8,2,5,87740,6,82475.6,3
904,2018-07-20,7,6,6,67982,5,64582.9,3
905,2018-07-09,7,0,8,106015,0,106015.0,1
906,2018-07-02,3,4,4,116944,5,111096.8,5
907,2018-07-06,2,4,1,119158,3,115583.26,8
908,2018-07-19,0,1,8,106015,6,99654.1,8
909,2018-07-11,1,0,8,106015,2,103894.7,8
910,2018-07-24,5,2,1,119158,1,117966.42,1
911,2018-07-18,6,2,7,106650,0,106650.0,3
912,2018-07-15,4,5,9,117439,6,110392.66,0
913,2018-07-22,1,5,5,87740,6,82475.6,8
914,2018-07-24,1,3,4,116944,3,113435.68,5
915,2018-07-06,3,5,8,106015,6,99654.1,3
916,2018-07-11,5,1,9,117439,0,117439.0,8
917,2018-07-19,6,2,8,106015,2,103894.7,4
918,2018-07-20,3,6,4,116944,3,113435.68,7
919,2018-07-04,7,3,7,106650,4,102384.0,5
920,2018-07-10,2,1,1,119158,0,119158.0,4
921,2018-07-05,7,7,7,106650,5,101317.5,5
922,2018-07-06,2,3,7,106650,3,103450.5,5
923,2018-07-08,5,4,1,119158,2,116774.84,0
924,2018-07-19,5,0,0,72602,6,68245.88,4
925,2018-07-22,2,4,5,87740,3,85107.8,8
926,2018-07-01,1,4,2,87414,0,87414.0,0
927,2018-07-02,3,6,7,106650,2,104517.0,5
928,2018-07-23,8,7,4,116944,0,116944.0,4
929,2018-07-23,7,4,7,106650,6,100251.0,3
930,2018-07-25,2,0,2,87414,0,87414.0,0
931,2018-07-12,0,4,7,106650,6,100251.0,6
932,2018-07-26,2,4,3,66860,0,66860.0,1
933,2018-07-12,0,3,6,67982,5,64582.9,3
934,2018-07-03,3,7,6,67982,4,65262.72,1
935,2018-07-22,8,2,7,106650,2,104517.0,2
936,2018-07-12,8,7,6,67982,6,63903.08,5
937,2018-07-09,6,6,8,106015,5,100714.25,4
938,2018-07-10,7,0,3,66860,0,66860.0,6
939,2018-07-04,0,4,1,119158,0,119158.0,7
940,2018-07-05,5,6,3,66860,5,63517.0,7
941,2018-07-24,6,0,5,87740,0,87740.0,2
942,2018-07-09,0,1,5,87740,3,85107.8,0
943,2018-07-19,3,4,3,66860,4,64185.6,3
944,2018-07-10,0,1,5,87740,2,85985.2,0
945,2018-07-06,0,1,6,67982,2,66622.36,7
946,2018-07-27,2,2,6,67982,3,65942.54,6
947,2018-07-19,4,5,8,106015,3,102834.55,8
948,2018-07-18,8,7,4,116944,6,109927.36,1
949,2018-07-25,4,1,1,119158,2,116774.84,4
950,2018-07-03,4,3,5,87740,4,84230.4,8
951,2018-08-23,2,7,5,87740,6,82475.6,4
952,2018-08-11,1,3,9,117439,3,113915.83,8
953,2018-08-16,1,7,6,67982,3,65942.54,2
954,2018-08-10,8,2,5,87740,5,83353.0,8
955,2018-08-20,8,1,6,67982,2,66622.36,6
956,2018-08-18,3,4,8,106015,0,106015.0,6
957,2018-08-16,6,7,7,106650,5,101317.5,6
958,2018-08-08,2,7,2,87414,5,83043.3,7
959,2018-08-24,8,3,3,66860,6,62848.4,2
960,2018-08-07,7,7,1,119158,5,113200.1,0
961,2018-08-27,6,5,0,72602,0,72602.0,7
962,2018-08-15,1,2,6,67982,6,63903.08,8
963,2018-08-11,1,0,1,119158,6,112008.52,6
964,2018-08-24,8,1,9,117439,2,115090.22,8
965,2018-08-02,8,7,7,106650,3,103450.5,6
966,2018-08-01,0,2,6,67982,3,65942.54,7
967,2018-08-12,8,2,7,106650,6,100251.0,6
968,2018-08-13,1,2,2,87414,2,85665.72,2
969,2018-08-19,3,0,3,66860,5,63517.0,4
970,2018-08-01,3,3,5,87740,1,86862.6,3
971,2018-08-08,6,5,1,119158,5,113200.1,8
972,2018-08-13,7,1,9,117439,3,113915.83,8
973,2018-08-09,0,7,2,87414,3,84791.58,5
974,2018-08-06,1,5,3,66860,0,66860.0,2
975,2018-08-18,3,6,1,119158,5,113200.1,1
976,2018-08-14,3,5,9,117439,5,111567.05,4
977,2018-08-20,6,5,1,119158,1,117966.42,2
978,2018-08-03,6,6,5,87740,4,84230.4,5
979,2018-08-11,8,0,2,87414,3,84791.58,3
980,2018-08-16,1,1,9,117439,0,117439.0,7
981,2018-08-27,5,7,0,72602,4,69697.92,0
982,2018-08-01,3,5,9,117439,5,111567.05,7
983,2018-08-01,6,0,9,117439,5,111567.05,6
984,2018-08-07,5,0,2,87414,0,87414.0,2
985,2018-08-06,8,1,3,66860,6,62848.4,6
986,2018-08-09,2,4,5,87740,4,84230.4,5
987,2018-08-20,1,6,2,87414,3,84791.58,2
988,2018-08-11,8,1,5,87740,0,87740.0,5
989,2018-08-03,8,7,2,87414,0,87414.0,6
990,2018-08-05,6,6,3,66860,1,66191.4,3
991,2018-08-15,1,4,1,119158,1,117966.42,1
992,2018-08-01,1,6,3,66860,5,63517.0,6
993,2018-08-20,1,3,9,117439,6,110392.66,1
994,2018-08-27,4,0,9,117439,5,111567.05,7
995,2018-08-21,7,3,8,106015,5,100714.25,7
996,2018-08-01,0,2,4,116944,1,115774.56,0
997,2018-08-22,0,1,1,119158,5,113200.1,2
998,2018-08-24,5,3,9,117439,6,110392.66,5
999,2018-08-07,4,2,6,67982,4,65262.72,4
1000,2018-08-10,5,1,7,106650,0,106650.0,8
1001,2018-09-27,8,1,9,117439,3,113915.83,3
1002,2018-09-25,8,1,5,87740,1,86862.6,4
1003,2018-09-05,2,6,0,72602,1,71875.98,0
1004,2018-09-24,4,7,6,67982,4,65262.72,7
1005,2018-09-24,7,2,5,87740,1,86862.6,8
1006,2018-09-02,5,7,0,72602,0,72602.0,5
1007,2018-09-03,7,7,2,87414,2,85665.72,1
1008,2018-09-01,1,5,1,119158,6,112008.52,7
1009,2018-09-26,2,4,5,87740,5,83353.0,0
1010,2018-09-14,0,3,1,119158,2,116774.84,6
1011,2018-09-22,5,6,9,117439,4,112741.44,3
1012,2018-09-13,7,1,4,116944,4,112266.24,8
1013,2018-09-14,5,1,6,67982,0,67982.0,0
1014,2018-09-10,0,6,4,116944,3,113435.68,7
1015,2018-09-15,5,0,3,66860,0,66860.0,1
1016,2018-09-11,3,4,0,72602,1,71875.98,5
1017,2018-09-08,5,2,8,106015,4,101774.4,6
1018,2018-09-21,2,0,8,106015,4,101774.4,6
1019,2018-09-10,3,0,4,116944,4,112266.24,4
1020,2018-09-23,2,1,6,67982,2,66622.36,1
1021,2018-09-19,6,0,2,87414,2,85665.72,4
1022,2018-09-03,6,7,1,119158,4,114391.68,0
1023,2018-09-12,5,7,1,119158,3,115583.26,5
1024,2018-09-13,0,5,4,116944,1,115774.56,5
1025,2018-09-11,7,3,2,87414,5,83043.3,2
1026,2018-09-21,3,4,2,87414,4,83917.44,4
1027,2018-09-16,0,4,8,106015,3,102834.55,7
1028,2018-09-16,6,7,3,66860,5,63517.0,4
1029,2018-09-11,5,6,7,106650,2,104517.0,7
1030,2018-09-16,2,5,0,72602,2,71149.96,8
1031,2018-09-23,0,5,3,66860,5,63517.0,3
1032,2018-09-14,8,4,6,67982,0,67982.0,0
1033,2018-09-09,5,6,7,106650,1,105583.5,3
1034,2018-09-25,0,6,6,67982,3,65942.54,6
1035,2018-09-12,7,4,5,87740,3,85107.8,8
1036,2018-09-18,1,0,2,87414,3,84791.58,3
1037,2018-09-06,0,1,7,106650,2,104517.0,6
1038,2018-09-09,5,7,0,72602,0,72602.0,6
1039,2018-09-23,3,3,4,116944,0,116944.0,2
1040,2018-09-01,3,6,1,119158,3,115583.26,4
1041,2018-09-09,5,7,2,87414,5,83043.3,7
1042,2018-09-24,4,6,3,66860,6,62848.4,0
1043,2018-09-23,1,6,8,106015,3,102834.55,3
1044,2018-09-26,0,2,9,117439,1,116264.61,3
1045,2018-09-25,2,4,8,106015,6,99654.1,6
1046,2018-09-04,1,4,8,106015,5,100714.25,4
1047,2018-09-25,4,2,2,87414,4,83917.44,0
1048,2018-09-22,0,6,5,87740,3,85107.8,2
1049,2018-09-22,7,3,4,116944,0,116944.0,6
1050,2018-09-09,0,6,7,106650,6,100251.0,0
1051,2018-10-26,3,7,2,87414,1,86539.86,4
1052,2018-10-25,6,7,2,87414,0,87414.0,2
1053,2018-10-01,7,6,4,116944,0,116944.0,0
1054,2018-10-02,5,2,0,72602,0,72602.0,2
1055,2018-10-21,4,3,8,106015,1,104954.85,1
1056,2018-10-03,8,4,8,106015,5,100714.25,6
1057,2018-10-09,3,6,3,66860,0,66860.0,3
1058,2018-10-19,6,7,9,117439,4,112741.44,5
1059,2018-10-09,6,0,7,106650,3,103450.5,1
1060,2018-10-21,7,3,8,106015,5,100714.25,8
1061,2018-10-04,1,7,1,119158,5,113200.1,0
1062,2018-10-03,6,3,9,117439,3,113915.83,2
1063,2018-10-03,5,3,1,119158,0,119158.0,1
1064,2018-10-12,7,6,9,117439,1,116264.61,4
1065,2018-10-22,3,2,2,87414,1,86539.86,5
1066,2018-10-07,4,5,5,87740,1,86862.6,3
1067,2018-10-25,0,5,4,116944,0,116944.0,2
1068,2018-10-27,8,4,4,116944,3,113435.68,8
1069,2018-10-20,6,4,7,106650,5,101317.5,7
1070,2018-10-07,7,0,7,106650,6,100251.0,3
1071,2018-10-27,5,2,3,66860,1,66191.4,4
1072,2018-10-03,3,7,3,66860,5,63517.0,6
1073,2018-10-05,4,4,2,87414,6,82169.16,6
1074,2018-10-24,1,6,9,117439,4,112741.44,7
1075,2018-10-14,6,0,9,117439,4,112741.44,0
1076,2018-10-08,8,3,1,119158,3,115583.26,6
1077,2018-10-17,0,5,9,117439,6,110392.66,7
1078,2018-10-13,6,7,0,72602,0,72602.0,3
1079,2018-10-06,8,3,6,67982,3,65942.54,0
1080,2018-10-24,1,5,6,67982,5,64582.9,7
1081,2018-10-21,7,7,2,87414,1,86539.86,2
1082,2018-10-23,2,1,3,66860,4,64185.6,0
1083,2018-10-16,6,6,5,87740,5,83353.0,7
1084,2018-10-05,7,2,6,67982,1,67302.18,3
1085,2018-10-01,5,2,7,106650,6,100251.0,0
1086,2018-10-25,0,4,6,67982,5,64582.9,2
1087,2018-10-21,2,1,0,72602,6,68245.88,4
1088,2018-10-01,2,1,0,72602,2,71149.96,1
1089,2018-10-04,4,5,7,106650,0,106650.0,0
1090,2018-10-03,0,3,1,119158,3,115583.26,8
1091,2018-10-01,3,3,2,87414,1,86539.86,1
1092,2018-10-26,4,6,2,87414,3,84791.58,6
1093,2018-10-06,4,1,0,72602,5,68971.9,6
1094,2018-10-15,8,0,7,106650,0,106650.0,7
1095,2018-10-01,4,3,0,72602,6,68245.88,4
1096,2018-10-17,0,5,3,66860,3,64854.2,4
1097,2018-10-16,6,1,5,87740,0,87740.0,6
1098,2018-10-02,7,2,0,72602,6,68245.88,5
1099,2018-10-17,4,4,1,119158,2,116774.84,3
1100,2018-10-06,4,2,1,119158,3,115583.26,6
1101,2018-11-06,2,2,6,67982,5,64582.9,8
1102,2018-11-13,0,6,7,106650,3,103450.5,0
1103,2018-11-12,0,5,7,106650,1,105583.5,6
1104,2018-11-16,4,7,0,72602,0,72602.0,0
1105,2018-11-22,3,6,2,87414,1,86539.86,5
1106,2018-11-26,1,4,8,106015,1,104954.85,7
1107,2018-11-19,5,0,3,66860,6,62848.4,3
1108,2018-11-17,6,0,6,67982,2,66622.36,0
1109,2018-11-13,3,5,0,72602,6,68245.88,0
1110,2018-11-03,0,3,7,106650,1,105583.5,2
1111,2018-11-12,3,3,4,116944,5,111096.8,0
1112,2018-11-18,0,0,4,116944,6,109927.36,5
1113,2018-11-04,4,2,9,117439,4,112741.44,3
1114,2018-11-17,8,0,6,67982,0,67982.0,4
1115,2018-11-06,6,7,4,116944,1,115774.56,5
1116,2018-11-08,6,5,2,87414,4,83917.44,2
1117,2018-11-03,7,2,9,117439,5,111567.05,7
1118,2018-11-11,2,4,9,117439,3,113915.83,7
1119,2018-11-17,1,0,7,106650,0,106650.0,1
1120,2018-11-12,7,1,9,117439,2,115090.22,4
1121,2018-11-05,8,2,9,117439,5,111567.05,3
1122,2018-11-23,0,2,0,72602,0,72602.0,8
1123,2018-11-04,1,0,2,87414,2,85665.72,1
1124,2018-11-01,1,4,9,117439,1,116264.61,7
1125,2018-11-20,3,1,7,106650,6,100251.0,2
1126,2018-11-26,1,4,8,106015,5,100714.25,0
1127,2018-11-07,5,6,9,117439,2,115090.22,2
1128,2018-11-17,2,0,2,87414,2,85665.72,8
1129,2018-11-14,3,1,4,116944,3,113435.68,8
1130,2018-11-20,6,0,8,106015,4,101774.4,2
1131,2018-11-26,4,3,1,119158,3,115583.26,0
1132,2018-11-07,4,2,0,72602,3,70423.94,5
1133,2018-11-05,0,5,0,72602,2,71149.96,0
1134,2018-11-05,6,0,1,119158,6,112008.52,8
1135,2018-11-04,6,6,0,72602,3,70423.94,2
1136,2018-11-12,5,7,3,66860,0,66860.0,4
1137,2018-11-09,7,5,8,106015,2,103894.7,6
1138,2018-11-22,8,5,3,66860,2,65522.8,2
1139,2018-11-19,6,0,1,119158,2,116774.84,2
1140,2018-11-07,4,6,8,106015,0,106015.0,6
1141,2018-11-02,3,5,5,87740,0,87740.0,0
1142,2018-11-07,2,7,5,87740,4,84230.4,7
1143,2018-11-20,1,7,5,87740,5,83353.0,5
1144,2018-11-24,0,2,6,67982,5,64582.9,7
1145,2018-11-19,2,0,9,117439,4,112741.44,2
1146,2018-11-13,5,3,9,117439,6,110392.66,1
1147,2018-11-27,4,0,4,116944,1,115774.56,6
1148,2018-11-02,4,6,5,87740,4,84230.4,7
1149,2018-11-10,1,5,7,106650,6,100251.0,8
1150,2018-11-21,1,0,3,66860,6,62848.4,0
1151,2018-12-01,8,0,4,116944,2,114605.12,2
1152,2018-12-22,7,4,6,67982,6,63903.08,8
1153,2018-12-03,8,4,7,106650,6,100251.0,8
1154,2018-12-04,0,3,1,119158,6,112008.52,2
1155,2018-12-11,0,1,1,119158,5,113200.1,8
1156,2018-12-27,4,1,1,119158,2,116774.84,5
1157,2018-12-03,8,5,9,117439,2,115090.22,0
1158,2018-12-09,8,5,7,106650,0,106650.0,3
1159,2018-12-08,4,2,6,67982,5,64582.9,3
1160,2018-12-07,1,6,5,87740,5,83353.0,4
1161,2018-12-04,2,4,9,117439,6,110392.66,6
1162,2018-12-16,7,5,3,66860,1,66191.4,1
1163,2018-12-12,4,6,2,87414,4,83917.44,2
1164,2018-12-09,2,2,2,87414,3,84791.58,5
1165,2018-12-24,4,5,5,87740,2,85985.2,6
1166,2018-12-07,7,5,6,67982,2,66622.36,3
1167,2018-12-17,4,3,1,119158,1,117966.42,1
1168,2018-12-15,8,5,2,87414,4,83917.44,1
1169,2018-12-20,4,6,3,66860,6,62848.4,5
1170,2018-12-04,6,2,3,66860,3,64854.2,1
1171,2018-12-26,4,0,0,72602,2,71149.96,1
1172,2018-12-22,0,3,0,72602,1,71875.98,6
1173,2018-12-11,3,5,3,66860,0,66860.0,2
1174,2018-12-20,0,2,0,72602,2,71149.96,0
1175,2018-12-14,4,2,9,117439,1,116264.61,1
1176,2018-12-19,3,3,8,106015,0,106015.0,5
1177,2018-12-13,2,1,4,116944,6,109927.36,8
1178,2018-12-06,5,0,1,119158,1,117966.42,6
1179,2018-12-24,6,0,4,116944,2,114605.12,2
1180,2018-12-21,2,6,3,66860,2,65522.8,4
1181,2018-12-07,6,5,8,106015,2,103894.7,2
1182,2018-12-15,3,2,8,106015,3,102834.55,8
1183,2018-12-22,7,1,0,72602,1,71875.98,1
1184,2018-12-12,7,6,3,66860,1,66191.4,5
1185,2018-12-20,7,7,0,72602,6,68245.88,2
1186,2018-12-25,3,5,5,87740,6,82475.6,8
1187,2018-12-02,7,7,6,67982,2,66622.36,3
1188,2018-12-24,3,7,9,117439,6,110392.66,2
1189,2018-12-05,0,3,2,87414,6,82169.16,8
1190,2018-12-15,1,6,5,87740,4,84230.4,5
1191,2018-12-12,7,2,0,72602,0,72602.0,1
1192,2018-12-08,5,0,0,72602,1,71875.98,4
1193,2018-12-08,0,3,2,87414,5,83043.3,6
1194,2018-12-19,0,6,2,87414,3,84791.58,8
1195,2018-12-27,3,1,6,67982,1,67302.18,6
1196,2018-12-19,6,6,2,87414,1,86539.86,5
1197,2018-12-15,4,7,9,117439,0,117439.0,7
1198,2018-12-24,7,3,1,119158,4,114391.68,8
1199,2018-12-17,4,4,8,106015,6,99654.1,0
1200,2018-12-04,2,2,0,72602,2,71149.96,6
1201,2019-01-13,0,5,8,106015,5,100714.25,0
1202,2019-01-07,1,0,0,72602,2,71149.96,7
1203,2019-01-07,0,6,0,72602,1,71875.98,3
1204,2019-01-13,6,1,9,117439,2,115090.22,8
1205,2019-01-05,8,3,6,67982,0,67982.0,4
1206,2019-01-11,7,3,5,87740,6,82475.6,4
1207,2019-01-10,4,5,1,119158,5,113200.1,4
1208,2019-01-24,6,7,1,119158,2,116774.84,6
1209,2019-01-14,4,2,1,119158,4,114391.68,3
1210,2019-01-03,3,2,2,87414,1,86539.86,4
1211,2019-01-21,0,5,5,87740,6,82475.6,2
1212,2019-01-11,4,4,4,116944,3,113435.68,8
1213,2019-01-22,7,3,4,116944,0,116944.0,6
1214,2019-01-20,1,2,6,67982,1,67302.18,8
1215,2019-01-02,7,0,2,87414,6,82169.16,4
1216,2019-01-13,1,1,2,87414,0,87414.0,2
1217,2019-01-16,6,5,1,119158,2,116774.84,1
1218,2019-01-10,4,2,6,67982,0,67982.0,5
1219,2019-01-04,1,5,2,87414,2,85665.72,1
1220,2019-01-03,4,0,8,106015,5,100714.25,7
1221,2019-01-03,1,1,2,87414,5,83043.3,0
1222,2019-01-05,8,1,5,87740,3,85107.8,6
1223,2019-01-19,4,5,9,117439,5,111567.05,5
1224,2019-01-24,7,0,8,106015,4,101774.4,2
1225,2019-01-02,0,1,9,117439,6,110392.66,7
1226,2019-01-08,7,7,4,116944,3,113435.68,8
1227,2019-01-23,2,4,7,106650,1,105583.5,4
1228,2019-01-07,0,6,6,67982,5,64582.9,4
1229,2019-01-22,8,4,0,72602,2,71149.96,3
1230,2019-01-04,0,3,4,116944,5,111096.8,0
1231,2019-01-22,3,0,0,72602,2,71149.96,8
1232,2019-01-08,5,6,9,117439,4,112741.44,5
1233,2019-01-22,4,0,9,117439,2,115090.22,7
1234,2019-01-19,2,4,4,116944,1,115774.56,8
1235,2019-01-21,0,1,8,106015,6,99654.1,0
1236,2019-01-04,1,5,0,72602,5,68971.9,3
1237,2019-01-09,8,0,2,87414,5,83043.3,7
1238,2019-01-23,7,4,6,67982,5,64582.9,8
1239,2019-01-01,2,2,4,116944,2,114605.12,3
1240,2019-01-02,7,7,1,119158,2,116774.84,3
1241,2019-01-10,5,7,6,67982,5,64582.9,0
1242,2019-01-05,6,5,5,87740,3,85107.8,5
1243,2019-01-24,3,1,1,119158,3,115583.26,5
1244,2019-01-09,1,0,4,116944,0,116944.0,3
1245,2019-01-23,5,1,1,119158,5,113200.1,1
1246,2019-01-01,8,2,5,87740,1,86862.6,7
1247,2019-01-17,3,1,0,72602,3,70423.94,1
1248,2019-01-10,0,7,7,106650,4,102384.0,2
1249,2019-01-08,1,1,6,67982,1,67302.18,6
1250,2019-01-26,4,0,4,116944,2,114605.12,0
1251,2019-02-18,8,3,9,117439,2,115090.22,2
1252,2019-02-12,3,1,3,66860,0,66860.0,2
1253,2019-02-08,7,4,8,106015,6,99654.1,1
1254,2019-02-19,4,4,2,87414,4,83917.44,0
1255,2019-02-04,7,7,3,66860,1,66191.4,5
1256,2019-02-08,4,4,7,106650,0,106650.0,4
1257,2019-02-07,6,7,8,106015,3,102834.55,5
1258,2019-02-01,6,1,4,116944,5,111096.8,0
1259,2019-02-03,1,5,9,117439,2,115090.22,4
1260,2019-02-13,8,0,7,106650,4,102384.0,4
1261,2019-02-23,8,1,6,67982,6,63903.08,5
1262,2019-02-03,7,4,8,106015,3,102834.55,3
1263,2019-02-21,3,5,8,106015,4,101774.4,0
1264,2019-02-23,4,1,6,67982,0,67982.0,7
1265,2019-02-23,4,4,4,116944,1,115774.56,3
1266,2019-02-18,8,4,2,87414,1,86539.86,6
1267,2019-02-19,0,7,2,87414,6,82169.16,7
1268,2019-02-09,1,5,8,106015,4,101774.4,2
1269,2019-02-02,7,4,9,117439,1,116264.61,3
1270,2019-02-18,3,2,3,66860,0,66860.0,3
1271,2019-02-20,1,5,7,106650,6,100251.0,2
1272,2019-02-27,0,4,8,106015,5,100714.25,6
1273,2019-02-09,7,4,1,119158,4,114391.68,2
1274,2019-02-10,7,6,5,87740,0,87740.0,5
1275,2019-02-15,6,1,4,116944,3,113435.68,6
1276,2019-02-18,5,3,0,72602,1,71875.98,4
1277,2019-02-20,8,6,0,72602,0,72602.0,7
1278,2019-02-21,3,7,1,119158,4,114391.68,1
1279,2019-02-22,4,1,9,117439,6,110392.66,2
1280,2019-02-08,2,7,1,119158,4,114391.68,3
1281,2019-02-03,8,5,5,87740,6,82475.6,6
1282,2019-02-16,0,1,8,106015,3,102834.55,0
1283,2019-02-15,5,2,1,119158,0,119158.0,4
1284,2019-02-15,2,1,0,72602,1,71875.98,6
1285,2019-02-04,6,4,8,106015,5,100714.25,0
1286,2019-02-03,5,2,4,116944,0,116944.0,1
1287,2019-02-12,0,1,0,72602,5,68971.9,3
1288,2019-02-21,5,4,3,66860,5,63517.0,6
1289,2019-02-23,5,3,8,106015,6,99654.1,4
1290,2019-02-01,2,0,9,117439,3,113915.83,2
1291,2019-02-08,6,5,8,106015,1,104954.85,0
1292,2019-02-07,1,0,3,66860,2,65522.8,8
1293,2019-02-23,1,7,9,117439,3,113915.83,7
1294,2019-02-12,8,2,9,117439,1,116264.61,8
1295,2019-02-18,4,5,4,116944,5,111096.8,2
1296,2019-02-21,8,6,0,72602,3,70423.94,0
1297,2019-02-11,4,4,4,116944,1,115774.56,6
1298,2019-02-22,7,6,7,106650,5,101317.5,7
1299,2019-02-24,7,6,1,119158,5,113200.1,2
1300,2019-02-04,8,2,2,87414,4,83917.44,6
1301,2019-03-23,0,2,9,117439,6,110392.66,3
1302,2019-03-09,4,0,0,72602,0,72602.0,2
1303,2019-03-02,2,3,9,117439,5,111567.05,2
1304,2019-03-10,3,0,8,106015,5,100714.25,8
1305,2019-03-10,3,5,2,87414,3,84791.58,2
1306,2019-03-13,0,7,3,66860,5,63517.0,2
1307,2019-03-17,2,2,1,119158,3,115583.26,4
1308,2019-03-02,6,0,0,72602,1,71875.98,1
1309,2019-03-18,8,6,1,119158,0,119158.0,5
1310,2019-03-19,2,1,6,67982,0,67982.0,2
1311,2019-03-16,0,2,5,87740,3,85107.8,3
1312,2019-03-17,5,1,7,106650,1,105583.5,5
1313,2019-03-23,7,1,7,106650,4,102384.0,4
1314,2019-03-17,2,6,9,117439,6,110392.66,5
1315,2019-03-06,0,1,6,67982,2,66622.36,8
1316,2019-03-22,2,7,9,117439,0,117439.0,3
1317,2019-03-02,8,1,6,67982,1,67302.18,2
1318,2019-03-16,1,7,2,87414,5,83043.3,0
1319,2019-03-16,6,1,5,87740,4,84230.4,3
1320,2019-03-26,8,0,6,67982,2,66622.36,3
1321,2019-03-20,6,4,8,106015,5,100714.25,8
1322,2019-03-15,1,2,6,67982,4,65262.72,4
1323,2019-03-18,6,4,0,72602,3,70423.94,5
1324,2019-03-11,1,1,6,67982,3,65942.54,5
1325,2019-03-06,8,1,2,87414,3,84791.58,2
1326,2019-03-26,0,5,1,119158,3,115583.26,1
1327,2019-03-16,7,4,7,106650,3,103450.5,7
1328,2019-03-05,5,4,2,87414,3,84791.58,4
1329,2019-03-23,7,0,4,116944,4,112266.24,2
1330,2019-03-14,7,3,5,87740,2,85985.2,3
1331,2019-03-04,0,1,5,87740,6,82475.6,8
1332,2019-03-07,7,1,8,106015,0,106015.0,0
1333,2019-03-24,3,4,9,117439,3,113915.83,0
1334,2019-03-23,4,3,3,66860,1,66191.4,7
1335,2019-03-07,3,2,7,106650,2,104517.0,0
1336,2019-03-01,2,5,9,117439,4,112741.44,7
1337,2019-03-22,5,7,3,66860,3,64854.2,4
1338,2019-03-21,8,3,9,117439,0,117439.0,8
1339,2019-03-11,4,7,2,87414,2,85665.72,3
1340,2019-03-16,8,0,8,106015,4,101774.4,6
1341,2019-03-06,5,6,5,87740,4,84230.4,1
1342,2019-03-13,4,2,5,87740,3,85107.8,2
1343,2019-03-27,0,7,9,117439,6,110392.66,7
1344,2019-03-02,1,1,9,117439,1,116264.61,3
1345,2019-03-09,1,2,0,72602,1,71875.98,5
1346,2019-03-18,6,3,7,106650,0,106650.0,2
1347,2019-03-07,6,6,3,66860,5,63517.0,0
1348,2019-03-17,5,3,6,67982,4,65262.72,3
1349,2019-03-08,4,0,5,87740,6,82475.6,3
1350,2019-03-12,7,3,7,106650,0,106650.0,3
1351,2019-04-21,0,5,1,119158,5,113200.1,7
1352,2019-04-04,2,6,6,67982,2,66622.36,0
1353,2019-04-06,8,3,2,87414,0,87414.0,3
1354,2019-04-20,8,1,6,67982,1,67302.18,5
1355,2019-04-15,1,5,0,72602,6,68245.88,0
1356,2019-04-11,7,6,9,117439,0,117439.0,6
1357,2019-04-22,5,1,7,106650,2,104517.0,6
1358,2019-04-17,6,5,8,106015,0,106015.0,1
1359,2019-04-02,6,0,1,119158,1,117966.42,4
1360,2019-04-24,5,2,3,66860,4,64185.6,2
1361,2019-04-13,1,1,1,119158,2,116774.84,7
1362,2019-04-20,7,5,9,117439,4,112741.44,5
1363,2019-04-21,6,6,0,72602,1,71875.98,6
1364,2019-04-09,7,0,2,87414,1,86539.86,8
1365,2019-04-08,1,6,3,66860,2,65522.8,5
1366,2019-04-05,5,7,3,66860,0,66860.0,4
1367,2019-04-17,8,2,0,72602,2,71149.96,0
1368,2019-04-04,4,6,9,117439,3,113915.83,2
1369,2019-04-04,0,4,5,87740,5,83353.0,7
1370,2019-04-17,2,6,5,87740,5,83353.0,8
1371,2019-04-05,4,4,2,87414,6,82169.16,1
1372,2019-04-09,5,7,9,117439,5,111567.05,0
1373,2019-04-21,0,0,2,87414,4,83917.44,0
1374,2019-04-08,5,6,6,67982,6,63903.08,2
1375,2019-04-16,2,6,7,106650,6,100251.0,1
1376,2019-04-23,0,6,3,66860,0,66860.0,0
1377,2019-04-01,1,3,7,106650,2,104517.0,2
1378,2019-04-27,3,6,2,87414,5,83043.3,4
1379,2019-04-23,8,0,3,66860,2,65522.8,3
1380,2019-04-25,5,4,3,66860,6,62848.4,4
1381,2019-04-04,2,5,4,116944,4,112266.24,5
1382,2019-04-10,0,4,1,119158,4,114391.68,8
1383,2019-04-15,5,5,5,87740,6,82475.6,6
1384,2019-04-09,6,7,7,106650,5,101317.5,5
1385,2019-04-12,7,5,7,106650,2,104517.0,4
1386,2019-04-11,6,7,6,67982,4,65262.72,3
1387,2019-04-01,1,0,7,106650,6,100251.0,4
1388,2019-04-18,2,2,8,106015,2,103894.7,4
1389,2019-04-14,6,3,0,72602,0,72602.0,0
1390,2019-04-26,4,4,9,117439,1,116264.61,3
1391,2019-04-06,1,7,4,116944,4,112266.24,2
1392,2019-04-01,7,1,1,119158,1,117966.42,8
1393,2019-04-04,6,0,1,119158,6,112008.52,4
1394,2019-04-22,4,6,8,106015,2,103894.7,7
1395,2019-04-27,8,7,0,72602,1,71875.98,3
1396,2019-04-19,1,3,3,66860,5,63517.0,4
1397,2019-04-13,1,0,8,106015,1,104954.85,8
1398,2019-04-03,2,4,8,106015,0,106015.0,7
1399,2019-04-04,7,0,3,66860,1,66191.4,3
1400,2019-04-04,4,5,0,72602,5,68971.9,2
1401,2019-05-11,2,0,5,87740,1,86862.6,8
1402,2019-05-12,0,7,4,116944,6,109927.36,1
1403,2019-05-11,2,3,7,106650,3,103450.5,5
1404,2019-05-23,4,1,3,66860,1,66191.4,2
1405,2019-05-17,8,4,5,87740,3,85107.8,5
1406,2019-05-18,4,0,5,87740,3,85107.8,0
1407,2019-05-13,4,3,2,87414,4,83917.44,3
1408,2019-05-02,1,5,2,87414,0,87414.0,4
1409,2019-05-12,2,0,8,106015,2,103894.7,8
1410,2019-05-22,5,3,6,67982,0,67982.0,7
1411,2019-05-11,3,5,7,106650,1,105583.5,5
1412,2019-05-19,1,0,5,87740,1,86862.6,4
1413,2019-05-12,8,4,4,116944,5,111096.8,4
1414,2019-05-18,0,1,7,106650,3,103450.5,7
1415,2019-05-07,1,5,8,106015,6,99654.1,2
1416,2019-05-18,6,5,4,116944,5,111096.8,2
1417,2019-05-22,8,4,9,117439,0,117439.0,8
1418,2019-05-18,8,2,4,116944,2,114605.12,8
1419,2019-05-07,6,3,3,66860,6,62848.4,3
1420,2019-05-10,6,0,0,72602,1,71875.98,2
1421,2019-05-17,1,5,3,66860,5,63517.0,4
1422,2019-05-25,5,5,3,66860,4,64185.6,4
1423,2019-05-07,0,5,2,87414,2,85665.72,2
1424,2019-05-23,7,4,8,106015,2,103894.7,0
1425,2019-05-09,0,1,2,87414,5,83043.3,3
1426,2019-05-03,3,4,5,87740,2,85985.2,4
1427,2019-05-15,4,7,4,116944,1,115774.56,2
1428,2019-05-11,1,0,5,87740,5,83353.0,7
1429,2019-05-20,0,5,7,106650,0,106650.0,6
1430,2019-05-01,7,2,0,72602,4,69697.92,8
1431,2019-05-05,4,2,6,67982,2,66622.36,7
1432,2019-05-24,6,3,1,119158,4,114391.68,2
1433,2019-05-17,3,1,2,87414,6,82169.16,5
1434,2019-05-09,0,3,0,72602,0,72602.0,1
1435,2019-05-14,3,6,5,87740,0,87740.0,4
1436,2019-05-19,6,3,4,116944,4,112266.24,6
1437,2019-05-17,7,1,1,119158,5,113200.1,2
1438,2019-05-07,7,3,1,119158,0,119158.0,3
1439,2019-05-24,4,3,2,87414,0,87414.0,2
1440,2019-05-15,8,4,0,72602,0,72602.0,6
1441,2019-05-26,7,3,6,67982,3,65942.54,4
1442,2019-05-01,8,5,4,116944,2,114605.12,7
1443,2019-05-12,3,1,1,119158,2,116774.84,8
1444,2019-05-02,3,7,0,72602,2,71149.96,2
1445,2019-05-10,8,2,4,116944,6,109927.36,4
1446,2019-05-24,0,1,9,117439,3,113915.83,2
1447,2019-05-10,4,2,6,67982,0,67982.0,8
1448,2019-05-16,0,5,4,116944,1,115774.56,3
1449,2019-05-25,7,5,4,116944,2,114605.12,3
1450,2019-05-07,6,4,2,87414,1,86539.86,7
1451,2019-06-22,3,5,2,87414,3,84791.58,0
1452,2019-06-09,8,5,6,67982,5,64582.9,8
1453,2019-06-22,4,4,5,87740,3,85107.8,2
1454,2019-06-17,2,5,4,116944,3,113435.68,5
1455,2019-06-16,3,7,9,117439,3,113915.83,7
1456,2019-06-26,1,2,2,87414,3,84791.58,6
1457,2019-06-14,5,7,7,106650,2,104517.0,3
1458,2019-06-27,3,7,8,106015,2,103894.7,8
1459,2019-06-26,8,4,9,117439,6,110392.66,5
1460,2019-06-01,3,3,3,66860,1,66191.4,2
1461,2019-06-25,0,1,6,67982,2,66622.36,5
1462,2019-06-16,7,7,6,67982,2,66622.36,0
1463,2019-06-07,2,2,5,87740,6,82475.6,5
1464,2019-06-12,5,7,2,87414,1,86539.86,4
1465,2019-06-13,7,0,4,116944,1,115774.56,7
1466,2019-06-11,1,4,1,119158,2,116774.84,5
1467,2019-06-09,3,7,9,117439,6,110392.66,5
1468,2019-06-14,3,2,2,87414,6,82169.16,2
1469,2019-06-22,8,5,4,116944,0,116944.0,2
1470,2019-06-21,7,4,2,87414,6,82169.16,1
1471,2019-06-01,5,3,1,119158,4,114391.68,4
1472,2019-06-24,1,6,0,72602,0,72602.0,3
1473,2019-06-11,7,6,1,119158,6,112008.52,3
1474,2019-06-10,8,5,8,106015,4,101774.4,2
1475,2019-06-09,5,6,4,116944,0,116944.0,4
1476,2019-06-06,2,2,5,87740,5,83353.0,3
1477,2019-06-11,4,0,7,106650,0,106650.0,3
1478,2019-06-23,0,0,0,72602,3,70423.94,5
1479,2019-06-16,3,4,1,119158,4,114391.68,2
1480,2019-06-09,8,0,2,87414,1,86539.86,2
1481,2019-06-02,3,3,7,106650,4,102384.0,2
1482,2019-06-22,0,3,0,72602,6,68245.88,6
1483,2019-06-11,8,7,0,72602,3,70423.94,3
1484,2019-06-08,8,0,9,117439,6,110392.66,0
1485,2019-06-08,5,3,1,119158,1,117966.42,1
1486,2019-06-25,4,4,9,117439,1,116264.61,7
1487,2019-06-23,2,5,3,66860,2,65522.8,4
1488,2019-06-23,5,6,2,87414,5,83043.3,7
1489,2019-06-06,2,1,5,87740,0,87740.0,3
1490,2019-06-18,5,7,0,72602,1,71875.98,1
1491,2019-06-13,4,3,7,106650,4,102384.0,3
1492,2019-06-18,1,6,3,66860,1,66191.4,7
1493,2019-06-24,2,0,0,72602,5,68971.9,0
1494,2019-06-14,5,4,7,106650,1,105583.5,6
1495,2019-06-20,5,7,4,116944,3,113435.68,3
1496,2019-06-04,3,5,9,117439,2,115090.22,7
1497,2019-06-06,7,7,5,87740,3,85107.8,1
1498,2019-06-02,6,4,6,67982,6,63903.08,3
1499,2019-06-22,4,4,6,67982,1,67302.18,2
1500,2019-06-17,6,0,0,72602,4,69697.92,4
1501,2019-07-03,3,7,8,106015,4,101774.4,7
1502,2019-07-12,2,0,0,72602,2,71149.96,2
1503,2019-07-20,1,4,1,119158,6,112008.52,0
1504,2019-07-07,4,3,2,87414,3,84791.58,6
1505,2019-07-05,0,1,1,119158,5,113200.1,8
1506,2019-07-18,4,1,1,119158,0,119158.0,6
1507,2019-07-26,2,0,2,87414,3,84791.58,8
1508,2019-07-18,1,2,2,87414,0,87414.0,4
1509,2019-07-26,7,2,7,106650,0,106650.0,2
1510,2019-07-17,5,7,1,119158,1,117966.42,6
1511,2019-07-11,1,0,3,66860,4,64185.6,2
1512,2019-07-14,7,4,0,72602,0,72602.0,6
1513,2019-07-08,8,5,8,106015,2,103894.7,7
1514,2019-07-22,5,1,8,106015,4,101774.4,2
1515,2019-07-03,2,4,6,67982,5,64582.9,7
1516,2019-07-14,5,7,2,87414,2,85665.72,0
1517,2019-07-09,0,5,5,87740,6,82475.6,0
1518,2019-07-11,2,2,7,106650,5,101317.5,7
1519,2019-07-06,1,3,3,66860,4,64185.6,7
1520,2019-07-17,6,4,4,116944,4,112266.24,0
1521,2019-07-14,4,4,6,67982,2,66622.36,0
1522,2019-07-15,6,2,8,106015,2,103894.7,3
1523,2019-07-19,6,5,4,116944,4,112266.24,2
1524,2019-07-10,5,1,6,67982,1,67302.18,8
1525,2019-07-27,1,7,8,106015,4,101774.4,7
1526,2019-07-22,4,6,6,67982,1,67302.18,3
1527,2019-07-03,7,2,6,67982,0,67982.0,0
1528,2019-07-13,3,3,4,116944,2,114605.12,8
1529,2019-07-15,4,2,0,72602,2,71149.96,3
1530,2019-07-19,1,1,7,106650,0,106650.0,2
1531,2019-07-26,6,1,7,106650,0,106650.0,2
1532,2019-07-23,4,4,6,67982,4,65262.72,8
1533,2019-07-05,5,4,1,119158,2,116774.84,3
1534,2019-07-21,5,3,5,87740,3,85107.8,1
1535,2019-07-20,8,2,9,117439,3,113915.83,0
1536,2019-07-07,6,0,0,72602,0,72602.0,7
1537,2019-07-11,4,6,5,87740,1,86862.6,2
1538,2019-07-21,7,6,5,87740,2,85985.2,6
1539,2019-07-07,5,1,8,106015,2,103894.7,4
1540,2019-07-21,2,6,9,117439,5,111567.05,3
1541,2019-07-17,8,6,5,87740,2,85985.2,7
1542,2019-07-13,1,1,9,117439,6,110392.66,6
1543,2019-07-22,7,5,0,72602,2,71149.96,4
1544,2019-07-27,7,1,8,106015,0,106015.0,7
1545,2019-07-10,8,1,6,67982,1,67302.18,6
1546,2019-07-04,3,3,9,117439,4,112741.44,6
1547,2019-07-20,2,2,8,106015,3,102834.55,1
1548,2019-07-09,5,7,5,87740,4,84230.4,7
1549,2019-07-15,2,6,3,66860,1,66191.4,0
1550,2019-07-20,0,7,3,66860,3,64854.2,1
1551,2019-08-22,1,4,6,67982,1,67302.18,7
1552,2019-08-20,7,2,6,67982,0,67982.0,0
1553,2019-08-19,4,6,5,87740,1,86862.6,6
1554,2019-08-18,5,7,9,117439,6,110392.66,3
1555,2019-08-13,1,2,7,106650,6,100251.0,5
1556,2019-08-14,1,6,2,87414,5,83043.3,6
1557,2019-08-24,2,2,5,87740,0,87740.0,5
1558,2019-08-20,7,0,1,119158,1,117966.42,5
1559,2019-08-08,6,2,2,87414,4,83917.44,8
1560,2019-08-19,5,5,7,106650,0,106650.0,6
1561,2019-08-05,6,0,2,87414,3,84791.58,0
1562,2019-08-22,2,2,1,119158,4,114391.68,1
1563,2019-08-08,4,7,2,87414,5,83043.3,0
1564,2019-08-15,8,1,6,67982,2,66622.36,6
1565,2019-08-04,6,0,5,87740,3,85107.8,0
1566,2019-08-17,6,4,4,116944,2,114605.12,2
1567,2019-08-21,3,5,4,116944,0,116944.0,6
1568,2019-08-10,2,7,0,72602,3,70423.94,0
1569,2019-08-24,1,0,7,106650,1,105583.5,3
1570,2019-08-25,7,4,3,66860,3,64854.2,8
1571,2019-08-01,0,6,4,116944,5,111096.8,3
1572,2019-08-03,8,6,6,67982,4,65262.72,6
1573,2019-08-07,3,6,6,67982,0,67982.0,8
1574,2019-08-09,6,5,2,87414,2,85665.72,8
1575,2019-08-11,0,2,9,117439,4,112741.44,8
1576,2019-08-14,2,6,0,72602,0,72602.0,2
1577,2019-08-06,3,3,2,87414,6,82169.16,6
1578,2019-08-12,6,7,3,66860,2,65522.8,7
1579,2019-08-02,4,1,2,87414,4,83917.44,0
1580,2019-08-21,5,5,0,72602,5,68971.9,1
1581,2019-08-16,1,4,1,119158,3,115583.26,8
1582,2019-08-17,2,7,5,87740,5,83353.0,7
1583,2019-08-12,6,1,4,116944,0,116944.0,3
1584,2019-08-14,3,4,4,116944,5,111096.8,5
1585,2019-08-16,5,1,0,72602,6,68245.88,3
1586,2019-08-23,0,5,0,72602,4,69697.92,3
1587,2019-08-26,6,4,4,116944,3,113435.68,5
1588,2019-08-05,2,4,8,106015,2,103894.7,8
1589,2019-08-05,2,2,8,106015,2,103894.7,0
1590,2019-08-19,8,0,0,72602,3,70423.94,1
1591,2019-08-01,1,2,5,87740,2,85985.2,5
1592,2019-08-23,7,2,4,116944,6,109927.36,4
1593,2019-08-04,1,7,1,119158,0,119158.0,1
1594,2019-08-01,5,2,0,72602,4,69697.92,3
1595,2019-08-22,3,6,3,66860,1,66191.4,1
1596,2019-08-04,6,1,8,106015,6,99654.1,5
1597,2019-08-03,5,7,0,72602,0,72602.0,6
1598,2019-08-05,7,7,9,117439,5,111567.05,7
1599,2019-08-23,4,7,1,119158,3,115583.26,1
1600,2019-08-04,3,6,5,87740,4,84230.4,4
1601,2019-09-04,4,6,3,66860,4,64185.6,0
1602,2019-09-06,3,6,6,67982,6,63903.08,3
1603,2019-09-13,7,4,0,72602,1,71875.98,7
1604,2019-09-24,3,1,2,87414,6,82169.16,0
1605,2019-09-03,7,3,7,106650,1,105583.5,5
1606,2019-09-11,5,6,9,117439,1,116264.61,2
1607,2019-09-01,0,3,0,72602,2,71149.96,6
1608,2019-09-20,5,5,2,87414,4,83917.44,3
1609,2019-09-15,8,3,8,106015,5,100714.25,4
1610,2019-09-09,3,2,5,87740,6,82475.6,6
1611,2019-09-19,7,4,7,106650,0,106650.0,6
1612,2019-09-03,6,5,3,66860,3,64854.2,5
1613,2019-09-18,2,3,6,67982,4,65262.72,5
1614,2019-09-27,3,4,3,66860,6,62848.4,3
1615,2019-09-19,0,7,1,119158,4,114391.68,7
1616,2019-09-06,2,0,3,66860,6,62848.4,1
1617,2019-09-14,0,2,0,72602,1,71875.98,0
1618,2019-09-12,0,1,0,72602,3,70423.94,5
1619,2019-09-05,3,2,7,106650,1,105583.5,3
1620,2019-09-03,8,4,4,116944,0,116944.0,6
1621,2019-09-09,8,3,7,106650,0,106650.0,4
1622,2019-09-10,2,2,6,67982,3,65942.54,3
1623,2019-09-08,4,4,2,87414,2,85665.72,0
1624,2019-09-15,6,7,7,106650,3,103450.5,1
1625,2019-09-07,1,0,2,87414,1,86539.86,4
1626,2019-09-15,3,4,6,67982,2,66622.36,4
1627,2019-09-07,2,0,8,106015,5,100714.25,0
1628,2019-09-09,1,4,7,106650,0,106650.0,3
1629,2019-09-07,4,3,5,87740,1,86862.6,6
1630,2019-09-07,8,1,5,87740,3,85107.8,8
1631,2019-09-04,3,4,3,66860,5,63517.0,8
1632,2019-09-09,4,3,4,116944,5,111096.8,5
1633,2019-09-20,0,3,9,117439,5,111567.05,0
1634,2019-09-24,2,3,2,87414,4,83917.44,0
1635,2019-09-23,2,4,6,67982,5,64582.9,4
1636,2019-09-21,0,0,1,119158,6,112008.52,4
1637,2019-09-20,3,4,0,72602,2,71149.96,3
1638,2019-09-13,1,3,3,66860,1,66191.4,0
1639,2019-09-13,5,5,5,87740,2,85985.2,8
1640,2019-09-11,7,2,2,87414,6,82169.16,1
1641,2019-09-07,5,1,4,116944,2,114605.12,7
1642,2019-09-01,7,4,8,106015,1,104954.85,8
1643,2019-09-18,7,6,1,119158,0,119158.0,6
1644,2019-09-24,5,4,1,119158,3,115583.26,1
1645,2019-09-06,1,1,0,72602,2,71149.96,3
1646,2019-09-25,8,0,6,67982,1,67302.18,5
1647,2019-09-19,8,2,9,117439,0,117439.0,5
1648,2019-09-07,1,1,1,119158,0,119158.0,3
1649,2019-09-12,3,3,2,87414,6,82169.16,0
1650,2019-09-06,4,2,6,67982,1,67302.18,0
1651,2019-10-08,1,7,1,119158,5,113200.1,4
1652,2019-10-16,0,5,3,66860,1,66191.4,0
1653,2019-10-26,1,7,9,117439,0,117439.0,4
1654,2019-10-02,8,7,5,87740,6,82475.6,1
1655,2019-10-13,8,3,7,106650,3,103450.5,6
1656,2019-10-22,2,3,6,67982,3,65942.54,3
1657,2019-10-02,1,7,9,117439,3,113915.83,1
1658,2019-10-10,6,6,2,87414,1,86539.86,3
1659,2019-10-03,2,4,5,87740,6,82475.6,6
1660,2019-10-08,8,3,6,67982,6,63903.08,6
1661,2019-10-05,2,1,8,106015,6,99654.1,1
1662,2019-10-24,3,4,9,117439,3,113915.83,3
1663,2019-10-26,5,6,9,117439,5,111567.05,0
1664,2019-10-23,0,7,2,87414,4,83917.44,8
1665,2019-10-15,6,1,8,106015,1,104954.85,0
1666,2019-10-19,6,4,1,119158,5,113200.1,6
1667,2019-10-21,8,0,8,106015,4,101774.4,7
1668,2019-10-06,1,5,0,72602,6,68245.88,2
1669,2019-10-13,2,3,6,67982,3,65942.54,3
1670,2019-10-19,5,0,6,67982,0,67982.0,7
1671,2019-10-08,2,7,6,67982,5,64582.9,2
1672,2019-10-22,1,4,0,72602,0,72602.0,7
1673,2019-10-26,4,5,0,72602,4,69697.92,8
1674,2019-10-18,6,4,0,72602,3,70423.94,8
1675,2019-10-20,3,5,5,87740,1,86862.6,2
1676,2019-10-15,3,4,0,72602,5,68971.9,6
1677,2019-10-27,0,2,5,87740,2,85985.2,3
1678,2019-10-13,7,7,0,72602,5,68971.9,7
1679,2019-10-11,3,1,3,66860,2,65522.8,1
1680,2019-10-23,1,4,7,106650,0,106650.0,5
1681,2019-10-25,2,0,7,106650,6,100251.0,1
1682,2019-10-24,6,5,7,106650,5,101317.5,1
1683,2019-10-18,0,1,3,66860,5,63517.0,4
1684,2019-10-21,5,0,4,116944,2,114605.12,7
1685,2019-10-15,1,3,3,66860,5,63517.0,2
1686,2019-10-25,8,6,6,67982,1,67302.18,3
1687,2019-10-11,1,1,6,67982,0,67982.0,3
1688,2019-10-17,1,7,3,66860,3,64854.2,0
1689,2019-10-21,4,1,4,116944,1,115774.56,1
1690,2019-10-05,3,2,6,67982,4,65262.72,5
1691,2019-10-23,3,1,0,72602,2,71149.96,3
1692,2019-10-02,4,3,7,106650,2,104517.0,6
1693,2019-10-03,5,7,5,87740,5,83353.0,7
1694,2019-10-19,0,3,9,117439,3,113915.83,5
1695,2019-10-13,8,4,4,116944,2,114605.12,4
1696,2019-10-25,0,4,7,106650,4,102384.0,0
1697,2019-10-11,4,4,8,106015,4,101774.4,4
1698,2019-10-12,0,0,3,66860,4,64185.6,8
1699,2019-10-15,7,6,1,119158,4,114391.68,7
1700,2019-10-06,6,3,4,116944,0,116944.0,1
1701,2019-11-24,1,1,7,106650,6,100251.0,1
1702,2019-11-23,7,7,3,66860,1,66191.4,8
1703,2019-11-02,0,2,4,116944,1,115774.56,1
1704,2019-11-04,4,6,3,66860,4,64185.6,5
1705,2019-11-21,5,6,6,67982,1,67302.18,2
1706,2019-11-11,4,1,8,106015,3,102834.55,2
1707,2019-11-02,6,3,9,117439,2,115090.22,1
1708,2019-11-13,2,1,7,106650,0,106650.0,3
1709,2019-11-06,6,1,4,116944,4,112266.24,7
1710,2019-11-19,2,6,9,117439,0,117439.0,0
1711,2019-11-12,2,4,6,67982,0,67982.0,5
1712,2019-11-12,2,3,8,106015,5,100714.25,4
1713,2019-11-24,5,3,6,67982,3,65942.54,3
1714,2019-11-12,7,6,2,87414,2,85665.72,0
1715,2019-11-24,4,1,8,106015,1,104954.85,5
1716,2019-11-13,2,5,3,66860,1,66191.4,6
1717,2019-11-15,8,1,2,87414,2,85665.72,6
1718,2019-11-06,6,3,1,119158,1,117966.42,6
1719,2019-11-12,5,4,2,87414,0,87414.0,7
1720,2019-11-14,2,3,2,87414,3,84791.58,2
1721,2019-11-21,2,3,6,67982,6,63903.08,2
1722,2019-11-22,4,0,2,87414,0,87414.0,3
1723,2019-11-24,7,7,3,66860,6,62848.4,2
1724,2019-11-18,2,3,4,116944,4,112266.24,3
1725,2019-11-21,0,1,5,87740,6,82475.6,5
1726,2019-11-03,2,3,7,106650,1,105583.5,5
1727,2019-11-12,1,1,0,72602,3,70423.94,3
1728,2019-11-15,3,3,9,117439,5,111567.05,7
1729,2019-11-17,0,6,6,67982,0,67982.0,7
1730,2019-11-17,3,1,9,117439,0,117439.0,8
1731,2019-11-01,6,0,8,106015,2,103894.7,4
1732,2019-11-24,4,1,3,66860,3,64854.2,8
1733,2019-11-05,2,3,0,72602,1,71875.98,5
1734,2019-11-11,8,0,1,119158,4,114391.68,8
1735,2019-11-03,7,7,8,106015,4,101774.4,3
1736,2019-11-22,1,1,0,72602,6,68245.88,5
1737,2019-11-05,0,3,0,72602,6,68245.88,6
1738,2019-11-15,0,3,1,119158,0,119158.0,1
1739,2019-11-22,5,2,8,106015,6,99654.1,8
1740,2019-11-08,5,1,8,106015,4,101774.4,6
1741,2019-11-22,3,0,5,87740,5,83353.0,1
1742,2019-11-18,3,0,8,106015,1,104954.85,4
1743,2019-11-15,2,5,4,116944,4,112266.24,3
1744,2019-11-18,2,5,3,66860,5,63517.0,4
1745,2019-11-21,4,5,4,116944,4,112266.24,4
1746,2019-11-21,0,1,9,117439,4,112741.44,2
1747,2019-11-02,6,1,1,119158,5,113200.1,6
1748,2019-11-09,0,5,4,116944,0,116944.0,4
1749,2019-11-27,0,3,8,106015,5,100714.25,5
1750,2019-11-08,3,0,2,87414,0,87414.0,7
1751,2019-12-26,3,3,5,87740,0,87740.0,1
1752,2019-12-03,1,1,6,67982,1,67302.18,0
1753,2019-12-27,0,5,7,106650,5,101317.5,4
1754,2019-12-22,8,5,3,66860,3,64854.2,1
1755,2019-12-07,3,0,4,116944,4,112266.24,2
1756,2019-12-15,7,5,7,106650,5,101317.5,2
1757,2019-12-15,0,7,4,116944,4,112266.24,6
1758,2019-12-23,5,6,9,117439,6,110392.66,3
1759,2019-12-08,0,7,6,67982,4,65262.72,4
1760,2019-12-04,7,1,9,117439,4,112741.44,6
1761,2019-12-03,8,1,2,87414,5,83043.3,7
1762,2019-12-16,2,4,0,72602,6,68245.88,8
1763,2019-12-11,2,2,9,117439,3,113915.83,7
1764,2019-12-24,7,5,4,116944,1,115774.56,1
1765,2019-12-09,6,4,7,106650,3,103450.5,2
1766,2019-12-14,1,6,9,117439,5,111567.05,2
1767,2019-12-16,6,2,0,72602,6,68245.88,1
1768,2019-12-17,8,5,4,116944,6,109927.36,3
1769,2019-12-26,5,4,2,87414,1,86539.86,2
1770,2019-12-09,1,7,1,119158,5,113200.1,5
1771,2019-12-27,7,1,3,66860,4,64185.6,0
1772,2019-12-12,0,4,2,87414,4,83917.44,7
1773,2019-12-10,4,4,3,66860,3,64854.2,7
1774,2019-12-02,1,6,9,117439,0,117439.0,4
1775,2019-12-08,7,3,8,106015,2,103894.7,3
1776,2019-12-02,6,4,6,67982,0,67982.0,1
1777,2019-12-05,3,5,3,66860,6,62848.4,8
1778,2019-12-07,5,7,3,66860,0,66860.0,2
1779,2019-12-06,8,0,0,72602,6,68245.88,2
1780,2019-12-25,6,1,1,119158,6,112008.52,7
1781,2019-12-23,1,5,5,87740,5,83353.0,4
1782,2019-12-18,8,0,3,66860,3,64854.2,4
1783,2019-12-25,2,1,3,66860,5,63517.0,6
1784,2019-12-14,3,1,4,116944,3,113435.68,1
1785,2019-12-22,2,6,6,67982,2,66622.36,1
1786,2019-12-08,5,6,6,67982,4,65262.72,1
1787,2019-12-23,4,0,4,116944,0,116944.0,6
1788,2019-12-19,4,6,2,87414,2,85665.72,5
1789,2019-12-05,7,5,8,106015,6,99654.1,2
1790,2019-12-08,6,0,1,119158,2,116774.84,2
1791,2019-12-08,2,1,2,87414,4,83917.44,1
1792,2019-12-08,3,2,0,72602,3,70423.94,5
1793,2019-12-09,5,1,5,87740,3,85107.8,2
1794,2019-12-09,5,1,2,87414,0,87414.0,3
1795,2019-12-24,5,4,4,116944,5,111096.8,8
1796,2019-12-12,8,0,4,116944,6,109927.36,0
1797,2019-12-21,8,0,8,106015,3,102834.55,6
1798,2019-12-14,5,6,7,106650,4,102384.0,3
1799,2019-12-26,5,6,3,66860,3,64854.2,1
1800,2019-12-26,2,6,3,66860,5,63517.0,6
